onset,rime,vq,F0,gender,group,df1,df2,choice,RT,pcp
b,ao,modal,7,female,G1,p<f,-2,0,2006,718382
b,ao,creaky,14,female,G4,p>f,5,1,1745,718382
b,ao,creaky,4,female,G3,p<f,-5,0,1878,718382
b,ao,creaky,8,female,G3,p<f,-1,0,1547,718382
d,ao,modal,11,female,G2,p>f,2,0,1817,718382
d,ao,modal,15,female,G2,p>f,6,1,1721,718382
d,ao,modal,5,female,G1,p<f,-4,0,1548,718382
d,ao,creaky,12,female,G4,p>f,3,0,1245,718382
f,a,modal,13,female,G2,p>f,4,1,1649,718382
f,a,modal,4,female,G1,p<f,-5,0,1576,718382
f,a,creaky,13,female,G4,p>f,4,1,3335,718382
f,a,creaky,15,female,G4,p>f,6,1,1970,718382
sh,a,modal,14,female,G2,p>f,5,1,1766,718382
sh,a,modal,3,female,G1,p<f,-6,0,1674,718382
sh,a,creaky,5,female,G3,p<f,-4,0,1422,718382
sh,a,creaky,6,female,G3,p<f,-3,0,1420,718382
z,ao,modal,10,female,G2,p>f,1,0,3424,718382
z,ao,modal,6,female,G1,p<f,-3,0,2537,718382
z,ao,creaky,11,female,G4,p>f,2,0,2795,718382
z,ao,creaky,7,female,G3,p<f,-2,0,2390,718382
zh,ao,modal,12,female,G2,p>f,3,0,2000,718382
zh,ao,modal,8,female,G1,p<f,-1,0,1771,718382
zh,ao,creaky,10,female,G4,p>f,1,0,1951,718382
zh,ao,creaky,3,female,G3,p<f,-6,0,1588,718382
b,ao,modal,-2,male,G1,p<f,-1,0,1788,718382
b,ao,modal,-5,male,G1,p<f,-4,0,1193,718382
b,ao,modal,1,male,G2,p>f,2,0,1783,718382
b,ao,modal,5,male,G2,p>f,6,1,1550,718382
d,ao,modal,-4,male,G1,p<f,-3,0,1426,718382
d,ao,modal,0,male,G2,p>f,1,0,1446,718382
d,ao,creaky,-6,male,G3,p<f,-5,0,1624,718382
d,ao,creaky,0,male,G4,p>f,1,0,1555,718382
f,a,modal,3,male,G2,p>f,4,0,3543,718382
f,a,modal,4,male,G2,p>f,5,1,2146,718382
f,a,creaky,-2,male,G3,p<f,-1,0,1498,718382
f,a,creaky,2,male,G4,p>f,3,0,1289,718382
sh,a,modal,-3,male,G1,p<f,-2,0,1288,718382
sh,a,modal,-7,male,G1,p<f,-6,0,1683,718382
sh,a,creaky,1,male,G4,p>f,2,0,1141,718382
sh,a,creaky,4,male,G4,p>f,5,0,1442,718382
z,ao,modal,2,male,G2,p>f,3,0,4301,718382
z,ao,creaky,-3,male,G3,p<f,-2,0,1452,718382
z,ao,creaky,-5,male,G3,p<f,-4,0,1875,718382
z,ao,creaky,5,male,G4,p>f,6,1,2407,718382
zh,ao,modal,-6,male,G1,p<f,-5,0,1318,718382
zh,ao,creaky,-4,male,G3,p<f,-3,0,1865,718382
zh,ao,creaky,-7,male,G3,p<f,-6,0,1178,718382
zh,ao,creaky,3,male,G4,p>f,4,1,2253,718382
b,ao,modal,12,female,G2,p>f,3,0,2061,718382
b,ao,creaky,10,female,G4,p>f,1,0,1341,718382
b,ao,creaky,13,female,G4,p>f,4,0,1501,718382
b,ao,creaky,6,female,G3,p<f,-3,0,1238,718382
d,ao,modal,14,female,G2,p>f,5,1,1656,718382
d,ao,modal,8,female,G1,p<f,-1,0,1519,718382
d,ao,creaky,11,female,G4,p>f,2,0,1542,718382
d,ao,creaky,14,female,G4,p>f,5,1,1772,718382
f,a,modal,15,female,G2,p>f,6,1,1641,718382
f,a,modal,7,female,G1,p<f,-2,0,2010,718382
f,a,creaky,12,female,G4,p>f,3,0,1717,718382
f,a,creaky,5,female,G3,p<f,-4,0,1972,718382
sh,a,modal,11,female,G2,p>f,2,0,1724,718382
sh,a,modal,4,female,G1,p<f,-5,0,1580,718382
sh,a,creaky,3,female,G3,p<f,-6,0,1464,718382
sh,a,creaky,7,female,G3,p<f,-2,0,1863,718382
z,ao,modal,13,female,G2,p>f,4,1,2240,718382
z,ao,modal,5,female,G1,p<f,-4,0,2124,718382
z,ao,creaky,15,female,G4,p>f,6,1,1774,718382
z,ao,creaky,8,female,G3,p<f,-1,0,1586,718382
zh,ao,modal,10,female,G2,p>f,1,0,1852,718382
zh,ao,modal,3,female,G1,p<f,-6,0,1602,718382
zh,ao,modal,6,female,G1,p<f,-3,0,1471,718382
zh,ao,creaky,4,female,G3,p<f,-5,0,1604,718382
b,ao,modal,4,male,G2,p>f,5,1,1522,718382
b,ao,creaky,-3,male,G3,p<f,-2,0,1441,718382
b,ao,creaky,1,male,G4,p>f,2,0,1160,718382
b,ao,creaky,5,male,G4,p>f,6,0,2296,718382
d,ao,modal,-3,male,G1,p<f,-2,0,1079,718382
d,ao,modal,-6,male,G1,p<f,-5,0,1864,718382
d,ao,modal,-7,male,G1,p<f,-6,0,1472,718382
d,ao,creaky,2,male,G4,p>f,3,0,1149,718382
f,a,modal,-2,male,G1,p<f,-1,0,1446,718382
f,a,modal,5,male,G2,p>f,6,1,1508,718382
f,a,creaky,-6,male,G3,p<f,-5,0,1382,718382
f,a,creaky,3,male,G4,p>f,4,0,1625,718382
sh,a,modal,-5,male,G1,p<f,-4,0,1465,718382
sh,a,modal,3,male,G2,p>f,4,1,1776,718382
sh,a,creaky,-4,male,G3,p<f,-3,0,1086,718382
sh,a,creaky,0,male,G4,p>f,1,0,1212,718382
z,ao,modal,0,male,G2,p>f,1,0,1629,718382
z,ao,modal,1,male,G2,p>f,2,0,1828,718382
z,ao,creaky,-2,male,G3,p<f,-1,0,1606,718382
z,ao,creaky,-7,male,G3,p<f,-6,0,1634,718382
zh,ao,modal,-4,male,G1,p<f,-3,0,1614,718382
zh,ao,modal,2,male,G2,p>f,3,1,2370,718382
zh,ao,creaky,-5,male,G3,p<f,-4,0,1388,718382
zh,ao,creaky,4,male,G4,p>f,5,1,1981,718382
b,ao,modal,11,female,G2,p>f,2,0,1506,718382
b,ao,modal,13,female,G2,p>f,4,1,3901,718382
b,ao,modal,8,female,G1,p<f,-1,0,1865,718382
b,ao,creaky,7,female,G3,p<f,-2,0,1319,718382
d,ao,modal,4,female,G1,p<f,-5,0,1444,718382
d,ao,creaky,10,female,G4,p>f,1,0,1421,718382
d,ao,creaky,5,female,G3,p<f,-4,0,1523,718382
d,ao,creaky,6,female,G3,p<f,-3,0,1006,718382
f,a,modal,12,female,G2,p>f,3,0,1578,718382
f,a,modal,6,female,G1,p<f,-3,0,1493,718382
f,a,creaky,11,female,G4,p>f,2,0,1521,718382
f,a,creaky,3,female,G3,p<f,-6,0,1387,718382
sh,a,modal,10,female,G2,p>f,1,0,1414,718382
sh,a,modal,15,female,G2,p>f,6,1,1331,718382
sh,a,creaky,12,female,G4,p>f,3,0,1658,718382
sh,a,creaky,13,female,G4,p>f,4,1,2823,718382
z,ao,modal,14,female,G2,p>f,5,1,1747,718382
z,ao,modal,3,female,G1,p<f,-6,0,1540,718382
z,ao,creaky,14,female,G4,p>f,5,1,1775,718382
z,ao,creaky,4,female,G3,p<f,-5,0,1516,718382
zh,ao,modal,5,female,G1,p<f,-4,0,1629,718382
zh,ao,modal,7,female,G1,p<f,-2,0,1435,718382
zh,ao,creaky,15,female,G4,p>f,6,1,1479,718382
zh,ao,creaky,8,female,G3,p<f,-1,0,1213,718382
b,ao,modal,-3,male,G1,p<f,-2,0,1272,718382
b,ao,creaky,-2,male,G3,p<f,-1,0,1193,718382
b,ao,creaky,-4,male,G3,p<f,-3,0,1753,718382
b,ao,creaky,3,male,G4,p>f,4,0,2174,718382
d,ao,modal,1,male,G2,p>f,2,0,1437,718382
d,ao,modal,2,male,G2,p>f,3,0,1719,718382
d,ao,modal,5,male,G2,p>f,6,1,1556,718382
d,ao,creaky,-7,male,G3,p<f,-6,0,1481,718382
f,a,modal,-4,male,G1,p<f,-3,0,1697,718382
f,a,creaky,-3,male,G3,p<f,-2,0,2022,718382
f,a,creaky,4,male,G4,p>f,5,0,4837,718382
f,a,creaky,5,male,G4,p>f,6,1,1560,718382
sh,a,modal,-2,male,G1,p<f,-1,0,1433,718382
sh,a,modal,-6,male,G1,p<f,-5,0,1586,718382
sh,a,modal,4,male,G2,p>f,5,1,1580,718382
sh,a,creaky,-5,male,G3,p<f,-4,0,1952,718382
z,ao,modal,-5,male,G1,p<f,-4,0,1812,718382
z,ao,modal,-7,male,G1,p<f,-6,0,1539,718382
z,ao,creaky,-6,male,G3,p<f,-5,0,1915,718382
z,ao,creaky,2,male,G4,p>f,3,0,1580,718382
zh,ao,modal,0,male,G2,p>f,1,0,1637,718382
zh,ao,modal,3,male,G2,p>f,4,1,1669,718382
zh,ao,creaky,0,male,G4,p>f,1,0,1812,718382
zh,ao,creaky,1,male,G4,p>f,2,0,1592,718382
b,ao,modal,15,female,G2,p>f,6,1,1641,718382
b,ao,modal,3,female,G1,p<f,-6,0,1620,718382
b,ao,creaky,12,female,G4,p>f,3,0,2074,718382
b,ao,creaky,5,female,G3,p<f,-4,0,1352,718382
d,ao,modal,13,female,G2,p>f,4,1,2144,718382
d,ao,modal,6,female,G1,p<f,-3,0,1552,718382
d,ao,creaky,15,female,G4,p>f,6,1,2070,718382
d,ao,creaky,7,female,G3,p<f,-2,0,1622,718382
f,a,modal,10,female,G2,p>f,1,0,1925,718382
f,a,modal,14,female,G2,p>f,5,1,1546,718382
f,a,creaky,10,female,G4,p>f,1,0,1350,718382
f,a,creaky,6,female,G3,p<f,-3,0,1694,718382
sh,a,modal,12,female,G2,p>f,3,0,1652,718382
sh,a,modal,5,female,G1,p<f,-4,0,1425,718382
sh,a,creaky,4,female,G3,p<f,-5,0,1253,718382
sh,a,creaky,8,female,G3,p<f,-1,0,1286,718382
z,ao,modal,11,female,G2,p>f,2,0,2940,718382
z,ao,modal,7,female,G1,p<f,-2,0,2765,718382
z,ao,modal,8,female,G1,p<f,-1,0,1869,718382
z,ao,creaky,3,female,G3,p<f,-6,0,1699,718382
zh,ao,modal,4,female,G1,p<f,-5,0,1471,718382
zh,ao,creaky,11,female,G4,p>f,2,0,1566,718382
zh,ao,creaky,13,female,G4,p>f,4,0,2189,718382
zh,ao,creaky,14,female,G4,p>f,5,1,2229,718382
b,ao,modal,-4,male,G1,p<f,-3,0,1072,718382
b,ao,modal,-6,male,G1,p<f,-5,0,1322,718382
b,ao,modal,-7,male,G1,p<f,-6,0,1447,718382
b,ao,creaky,0,male,G4,p>f,1,0,1454,718382
d,ao,modal,3,male,G2,p>f,4,1,2007,718382
d,ao,modal,4,male,G2,p>f,5,1,2090,718382
d,ao,creaky,-3,male,G3,p<f,-2,0,1088,718382
d,ao,creaky,4,male,G4,p>f,5,0,2732,718382
f,a,modal,-5,male,G1,p<f,-4,0,2138,718382
f,a,modal,0,male,G2,p>f,1,0,1270,718382
f,a,modal,2,male,G2,p>f,3,0,1530,718382
f,a,creaky,-5,male,G3,p<f,-4,0,2060,718382
sh,a,creaky,-6,male,G3,p<f,-5,0,1545,718382
sh,a,creaky,-7,male,G3,p<f,-6,0,1336,718382
sh,a,creaky,2,male,G4,p>f,3,0,2171,718382
sh,a,creaky,5,male,G4,p>f,6,1,2192,718382
z,ao,modal,-2,male,G1,p<f,-1,0,1412,718382
z,ao,creaky,-4,male,G3,p<f,-3,0,2034,718382
z,ao,creaky,1,male,G4,p>f,2,0,1324,718382
z,ao,creaky,3,male,G4,p>f,4,0,1688,718382
zh,ao,modal,-3,male,G1,p<f,-2,0,1347,718382
zh,ao,modal,1,male,G2,p>f,2,0,1476,718382
zh,ao,modal,5,male,G2,p>f,6,1,1597,718382
zh,ao,creaky,-2,male,G3,p<f,-1,0,1659,718382
b,ao,modal,10,female,G2,p>f,1,0,1672,718382
b,ao,modal,14,female,G2,p>f,5,1,1725,718382
b,ao,modal,5,female,G1,p<f,-4,0,1839,718382
b,ao,creaky,15,female,G4,p>f,6,1,2031,718382
d,ao,modal,3,female,G1,p<f,-6,0,1605,718382
d,ao,modal,7,female,G1,p<f,-2,0,1216,718382
d,ao,creaky,3,female,G3,p<f,-6,0,1536,718382
d,ao,creaky,8,female,G3,p<f,-1,0,1635,718382
f,a,modal,11,female,G2,p>f,2,0,1371,718382
f,a,creaky,14,female,G4,p>f,5,1,1664,718382
f,a,creaky,4,female,G3,p<f,-5,0,2451,718382
f,a,creaky,7,female,G3,p<f,-2,0,1653,718382
sh,a,modal,6,female,G1,p<f,-3,0,1454,718382
sh,a,modal,8,female,G1,p<f,-1,0,1472,718382
sh,a,creaky,10,female,G4,p>f,1,0,1220,718382
sh,a,creaky,11,female,G4,p>f,2,0,1960,718382
z,ao,modal,12,female,G2,p>f,3,0,1920,718382
z,ao,modal,15,female,G2,p>f,6,1,1993,718382
z,ao,modal,4,female,G1,p<f,-5,0,2209,718382
z,ao,creaky,13,female,G4,p>f,4,1,2309,718382
zh,ao,modal,13,female,G2,p>f,4,1,1981,718382
zh,ao,creaky,12,female,G4,p>f,3,0,1519,718382
zh,ao,creaky,5,female,G3,p<f,-4,0,1737,718382
zh,ao,creaky,6,female,G3,p<f,-3,0,1102,718382
b,ao,modal,0,male,G2,p>f,1,0,1655,718382
b,ao,creaky,-5,male,G3,p<f,-4,0,1642,718382
b,ao,creaky,-6,male,G3,p<f,-5,0,1818,718382
b,ao,creaky,4,male,G4,p>f,5,1,2602,718382
d,ao,modal,-2,male,G1,p<f,-1,0,1282,718382
d,ao,creaky,-2,male,G3,p<f,-1,0,2089,718382
d,ao,creaky,-4,male,G3,p<f,-3,0,1445,718382
d,ao,creaky,5,male,G4,p>f,6,1,1874,718382
f,a,modal,-6,male,G1,p<f,-5,0,1337,718382
f,a,creaky,-7,male,G3,p<f,-6,0,2576,718382
f,a,creaky,0,male,G4,p>f,1,0,1872,718382
f,a,creaky,1,male,G4,p>f,2,0,1921,718382
sh,a,modal,1,male,G2,p>f,2,0,1570,718382
sh,a,modal,2,male,G2,p>f,3,0,1587,718382
sh,a,modal,5,male,G2,p>f,6,1,1682,718382
sh,a,creaky,3,male,G4,p>f,4,1,2189,718382
z,ao,modal,-3,male,G1,p<f,-2,0,1206,718382
z,ao,modal,-4,male,G1,p<f,-3,0,1693,718382
z,ao,modal,3,male,G2,p>f,4,1,1824,718382
z,ao,modal,4,male,G2,p>f,5,1,1783,718382
zh,ao,modal,-5,male,G1,p<f,-4,0,1162,718382
zh,ao,modal,-7,male,G1,p<f,-6,0,1310,718382
zh,ao,creaky,-3,male,G3,p<f,-2,0,1338,718382
zh,ao,creaky,2,male,G4,p>f,3,0,2926,718382
b,ao,modal,4,female,G1,p<f,-5,0,1602,718382
b,ao,modal,6,female,G1,p<f,-3,0,1850,718382
b,ao,creaky,11,female,G4,p>f,2,0,1671,718382
b,ao,creaky,3,female,G3,p<f,-6,0,1187,718382
d,ao,modal,10,female,G2,p>f,1,0,1279,718382
d,ao,modal,12,female,G2,p>f,3,0,1635,718382
d,ao,creaky,13,female,G4,p>f,4,0,2792,718382
d,ao,creaky,4,female,G3,p<f,-5,0,1208,718382
f,a,modal,3,female,G1,p<f,-6,0,1575,718382
f,a,modal,5,female,G1,p<f,-4,0,1459,718382
f,a,modal,8,female,G1,p<f,-1,0,1640,718382
f,a,creaky,8,female,G3,p<f,-1,0,1361,718382
sh,a,modal,13,female,G2,p>f,4,1,1850,718382
sh,a,modal,7,female,G1,p<f,-2,0,1938,718382
sh,a,creaky,14,female,G4,p>f,5,1,1803,718382
sh,a,creaky,15,female,G4,p>f,6,1,2041,718382
z,ao,creaky,10,female,G4,p>f,1,0,1495,718382
z,ao,creaky,12,female,G4,p>f,3,0,1901,718382
z,ao,creaky,5,female,G3,p<f,-4,0,1326,718382
z,ao,creaky,6,female,G3,p<f,-3,0,1626,718382
zh,ao,modal,11,female,G2,p>f,2,0,1709,718382
zh,ao,modal,14,female,G2,p>f,5,1,2344,718382
zh,ao,modal,15,female,G2,p>f,6,1,1793,718382
zh,ao,creaky,7,female,G3,p<f,-2,0,1708,718382
b,ao,modal,2,male,G2,p>f,3,0,1565,718382
b,ao,modal,3,male,G2,p>f,4,1,1948,718382
b,ao,creaky,-7,male,G3,p<f,-6,0,3369,718382
b,ao,creaky,2,male,G4,p>f,3,0,1916,718382
d,ao,modal,-5,male,G1,p<f,-4,0,1412,718382
d,ao,creaky,-5,male,G3,p<f,-4,0,1265,718382
d,ao,creaky,1,male,G4,p>f,2,0,1778,718382
d,ao,creaky,3,male,G4,p>f,4,0,3848,718382
f,a,modal,-3,male,G1,p<f,-2,0,1209,718382
f,a,modal,-7,male,G1,p<f,-6,0,1204,718382
f,a,modal,1,male,G2,p>f,2,0,2294,718382
f,a,creaky,-4,male,G3,p<f,-3,0,1484,718382
sh,a,modal,-4,male,G1,p<f,-3,0,1883,718382
sh,a,modal,0,male,G2,p>f,1,0,1171,718382
sh,a,creaky,-2,male,G3,p<f,-1,0,1254,718382
sh,a,creaky,-3,male,G3,p<f,-2,0,1557,718382
z,ao,modal,-6,male,G1,p<f,-5,0,1736,718382
z,ao,modal,5,male,G2,p>f,6,1,1688,718382
z,ao,creaky,0,male,G4,p>f,1,0,1251,718382
z,ao,creaky,4,male,G4,p>f,5,0,1957,718382
zh,ao,modal,-2,male,G1,p<f,-1,0,1522,718382
zh,ao,modal,4,male,G2,p>f,5,1,1883,718382
zh,ao,creaky,-6,male,G3,p<f,-5,0,1586,718382
zh,ao,creaky,5,male,G4,p>f,6,1,1803,718382
b,ao,modal,7,female,G1,p<f,-2,0,1961,719740
b,ao,creaky,14,female,G4,p>f,5,1,5150,719740
b,ao,creaky,4,female,G3,p<f,-5,0,1567,719740
b,ao,creaky,8,female,G3,p<f,-1,0,2823,719740
d,ao,modal,11,female,G2,p>f,2,1,1627,719740
d,ao,modal,15,female,G2,p>f,6,1,1724,719740
d,ao,modal,5,female,G1,p<f,-4,0,2876,719740
d,ao,creaky,12,female,G4,p>f,3,0,1762,719740
f,a,modal,13,female,G2,p>f,4,1,2797,719740
f,a,modal,4,female,G1,p<f,-5,0,5722,719740
f,a,creaky,13,female,G4,p>f,4,1,1976,719740
f,a,creaky,15,female,G4,p>f,6,1,2009,719740
sh,a,modal,14,female,G2,p>f,5,1,1684,719740
sh,a,modal,3,female,G1,p<f,-6,0,4324,719740
sh,a,creaky,5,female,G3,p<f,-4,0,1731,719740
sh,a,creaky,6,female,G3,p<f,-3,0,1540,719740
z,ao,modal,10,female,G2,p>f,1,0,3935,719740
z,ao,modal,6,female,G1,p<f,-3,0,2350,719740
z,ao,creaky,11,female,G4,p>f,2,0,2048,719740
z,ao,creaky,7,female,G3,p<f,-2,0,1825,719740
zh,ao,modal,12,female,G2,p>f,3,1,2431,719740
zh,ao,modal,8,female,G1,p<f,-1,0,1944,719740
zh,ao,creaky,10,female,G4,p>f,1,0,1740,719740
zh,ao,creaky,3,female,G3,p<f,-6,0,1902,719740
b,ao,modal,-2,male,G1,p<f,-1,0,1414,719740
b,ao,modal,-5,male,G1,p<f,-4,0,1591,719740
b,ao,modal,1,male,G2,p>f,2,1,1892,719740
b,ao,modal,5,male,G2,p>f,6,1,1323,719740
d,ao,modal,-4,male,G1,p<f,-3,0,1496,719740
d,ao,modal,0,male,G2,p>f,1,0,2830,719740
d,ao,creaky,-6,male,G3,p<f,-5,0,2406,719740
d,ao,creaky,0,male,G4,p>f,1,0,2723,719740
f,a,modal,3,male,G2,p>f,4,1,2346,719740
f,a,modal,4,male,G2,p>f,5,1,2739,719740
f,a,creaky,-2,male,G3,p<f,-1,0,1787,719740
f,a,creaky,2,male,G4,p>f,3,1,1867,719740
sh,a,modal,-3,male,G1,p<f,-2,0,1744,719740
sh,a,modal,-7,male,G1,p<f,-6,0,2292,719740
sh,a,creaky,1,male,G4,p>f,2,0,2191,719740
sh,a,creaky,4,male,G4,p>f,5,1,1904,719740
z,ao,modal,2,male,G2,p>f,3,1,1966,719740
z,ao,creaky,-3,male,G3,p<f,-2,0,1883,719740
z,ao,creaky,-5,male,G3,p<f,-4,0,2017,719740
z,ao,creaky,5,male,G4,p>f,6,0,4452,719740
zh,ao,modal,-6,male,G1,p<f,-5,0,3251,719740
zh,ao,creaky,-4,male,G3,p<f,-3,0,1570,719740
zh,ao,creaky,-7,male,G3,p<f,-6,0,1851,719740
zh,ao,creaky,3,male,G4,p>f,4,1,1959,719740
b,ao,modal,12,female,G2,p>f,3,1,3347,719740
b,ao,creaky,10,female,G4,p>f,1,0,1599,719740
b,ao,creaky,13,female,G4,p>f,4,0,1834,719740
b,ao,creaky,6,female,G3,p<f,-3,0,1266,719740
d,ao,modal,14,female,G2,p>f,5,1,1969,719740
d,ao,modal,8,female,G1,p<f,-1,0,1946,719740
d,ao,creaky,11,female,G4,p>f,2,0,1997,719740
d,ao,creaky,14,female,G4,p>f,5,0,2284,719740
f,a,modal,15,female,G2,p>f,6,1,1827,719740
f,a,modal,7,female,G1,p<f,-2,0,1993,719740
f,a,creaky,12,female,G4,p>f,3,1,4695,719740
f,a,creaky,5,female,G3,p<f,-4,0,4208,719740
sh,a,modal,11,female,G2,p>f,2,0,1831,719740
sh,a,modal,4,female,G1,p<f,-5,0,2294,719740
sh,a,creaky,3,female,G3,p<f,-6,0,2048,719740
sh,a,creaky,7,female,G3,p<f,-2,0,1419,719740
z,ao,modal,13,female,G2,p>f,4,1,2212,719740
z,ao,modal,5,female,G1,p<f,-4,0,1714,719740
z,ao,creaky,15,female,G4,p>f,6,0,2676,719740
z,ao,creaky,8,female,G3,p<f,-1,0,1943,719740
zh,ao,modal,10,female,G2,p>f,1,0,2251,719740
zh,ao,modal,3,female,G1,p<f,-6,0,2098,719740
zh,ao,modal,6,female,G1,p<f,-3,0,1644,719740
zh,ao,creaky,4,female,G3,p<f,-5,0,1640,719740
b,ao,modal,4,male,G2,p>f,5,1,1773,719740
b,ao,creaky,-3,male,G3,p<f,-2,0,1775,719740
b,ao,creaky,1,male,G4,p>f,2,0,1522,719740
b,ao,creaky,5,male,G4,p>f,6,1,4427,719740
d,ao,modal,-3,male,G1,p<f,-2,0,1792,719740
d,ao,modal,-6,male,G1,p<f,-5,0,1677,719740
d,ao,modal,-7,male,G1,p<f,-6,0,1408,719740
d,ao,creaky,2,male,G4,p>f,3,0,2063,719740
f,a,modal,-2,male,G1,p<f,-1,0,1846,719740
f,a,modal,5,male,G2,p>f,6,1,1954,719740
f,a,creaky,-6,male,G3,p<f,-5,0,1856,719740
f,a,creaky,3,male,G4,p>f,4,1,2379,719740
sh,a,modal,-5,male,G1,p<f,-4,0,1777,719740
sh,a,modal,3,male,G2,p>f,4,1,1797,719740
sh,a,creaky,-4,male,G3,p<f,-3,0,2202,719740
sh,a,creaky,0,male,G4,p>f,1,0,1367,719740
z,ao,modal,0,male,G2,p>f,1,0,2071,719740
z,ao,modal,1,male,G2,p>f,2,0,2700,719740
z,ao,creaky,-2,male,G3,p<f,-1,0,2022,719740
z,ao,creaky,-7,male,G3,p<f,-6,0,1487,719740
zh,ao,modal,-4,male,G1,p<f,-3,0,1498,719740
zh,ao,modal,2,male,G2,p>f,3,1,2014,719740
zh,ao,creaky,-5,male,G3,p<f,-4,0,1341,719740
zh,ao,creaky,4,male,G4,p>f,5,1,1995,719740
b,ao,modal,11,female,G2,p>f,2,0,1762,719740
b,ao,modal,13,female,G2,p>f,4,1,1594,719740
b,ao,modal,8,female,G1,p<f,-1,0,1528,719740
b,ao,creaky,7,female,G3,p<f,-2,0,1539,719740
d,ao,modal,4,female,G1,p<f,-5,0,2804,719740
d,ao,creaky,10,female,G4,p>f,1,0,1556,719740
d,ao,creaky,5,female,G3,p<f,-4,0,1917,719740
d,ao,creaky,6,female,G3,p<f,-3,0,1183,719740
f,a,modal,12,female,G2,p>f,3,1,4524,719740
f,a,modal,6,female,G1,p<f,-3,0,1993,719740
f,a,creaky,11,female,G4,p>f,2,0,2359,719740
f,a,creaky,3,female,G3,p<f,-6,0,2081,719740
sh,a,modal,10,female,G2,p>f,1,0,2217,719740
sh,a,modal,15,female,G2,p>f,6,1,1647,719740
sh,a,creaky,12,female,G4,p>f,3,0,1691,719740
sh,a,creaky,13,female,G4,p>f,4,1,1855,719740
z,ao,modal,14,female,G2,p>f,5,1,2128,719740
z,ao,modal,3,female,G1,p<f,-6,0,2065,719740
z,ao,creaky,14,female,G4,p>f,5,1,2027,719740
z,ao,creaky,4,female,G3,p<f,-5,0,1827,719740
zh,ao,modal,5,female,G1,p<f,-4,0,1898,719740
zh,ao,modal,7,female,G1,p<f,-2,1,2039,719740
zh,ao,creaky,15,female,G4,p>f,6,1,1937,719740
zh,ao,creaky,8,female,G3,p<f,-1,0,1969,719740
b,ao,modal,-3,male,G1,p<f,-2,0,1769,719740
b,ao,creaky,-2,male,G3,p<f,-1,0,1144,719740
b,ao,creaky,-4,male,G3,p<f,-3,0,1746,719740
b,ao,creaky,3,male,G4,p>f,4,1,1590,719740
d,ao,modal,1,male,G2,p>f,2,0,2495,719740
d,ao,modal,2,male,G2,p>f,3,0,1801,719740
d,ao,modal,5,male,G2,p>f,6,1,1579,719740
d,ao,creaky,-7,male,G3,p<f,-6,0,1654,719740
f,a,modal,-4,male,G1,p<f,-3,0,1380,719740
f,a,creaky,-3,male,G3,p<f,-2,0,1548,719740
f,a,creaky,4,male,G4,p>f,5,1,2076,719740
f,a,creaky,5,male,G4,p>f,6,1,1936,719740
sh,a,modal,-2,male,G1,p<f,-1,0,1622,719740
sh,a,modal,-6,male,G1,p<f,-5,0,1475,719740
sh,a,modal,4,male,G2,p>f,5,1,1831,719740
sh,a,creaky,-5,male,G3,p<f,-4,0,1477,719740
z,ao,modal,-5,male,G1,p<f,-4,0,2421,719740
z,ao,modal,-7,male,G1,p<f,-6,0,1763,719740
z,ao,creaky,-6,male,G3,p<f,-5,0,1605,719740
z,ao,creaky,2,male,G4,p>f,3,0,1785,719740
zh,ao,modal,0,male,G2,p>f,1,0,1644,719740
zh,ao,modal,3,male,G2,p>f,4,1,1666,719740
zh,ao,creaky,0,male,G4,p>f,1,0,1640,719740
zh,ao,creaky,1,male,G4,p>f,2,0,2049,719740
b,ao,modal,15,female,G2,p>f,6,1,1706,719740
b,ao,modal,3,female,G1,p<f,-6,0,3003,719740
b,ao,creaky,12,female,G4,p>f,3,0,2038,719740
b,ao,creaky,5,female,G3,p<f,-4,0,2159,719740
d,ao,modal,13,female,G2,p>f,4,1,2682,719740
d,ao,modal,6,female,G1,p<f,-3,0,1551,719740
d,ao,creaky,15,female,G4,p>f,6,1,2762,719740
d,ao,creaky,7,female,G3,p<f,-2,0,1395,719740
f,a,modal,10,female,G2,p>f,1,0,1848,719740
f,a,modal,14,female,G2,p>f,5,1,2148,719740
f,a,creaky,10,female,G4,p>f,1,0,1737,719740
f,a,creaky,6,female,G3,p<f,-3,0,1849,719740
sh,a,modal,12,female,G2,p>f,3,1,1799,719740
sh,a,modal,5,female,G1,p<f,-4,0,1754,719740
sh,a,creaky,4,female,G3,p<f,-5,0,1476,719740
sh,a,creaky,8,female,G3,p<f,-1,0,3651,719740
z,ao,modal,11,female,G2,p>f,2,0,1935,719740
z,ao,modal,7,female,G1,p<f,-2,0,2173,719740
z,ao,modal,8,female,G1,p<f,-1,0,2655,719740
z,ao,creaky,3,female,G3,p<f,-6,0,1539,719740
zh,ao,modal,4,female,G1,p<f,-5,0,2798,719740
zh,ao,creaky,11,female,G4,p>f,2,0,2053,719740
zh,ao,creaky,13,female,G4,p>f,4,0,1919,719740
zh,ao,creaky,14,female,G4,p>f,5,1,2863,719740
b,ao,modal,-4,male,G1,p<f,-3,0,1617,719740
b,ao,modal,-6,male,G1,p<f,-5,0,2348,719740
b,ao,modal,-7,male,G1,p<f,-6,0,1721,719740
b,ao,creaky,0,male,G4,p>f,1,0,2380,719740
d,ao,modal,3,male,G2,p>f,4,1,2788,719740
d,ao,modal,4,male,G2,p>f,5,1,2891,719740
d,ao,creaky,-3,male,G3,p<f,-2,0,1682,719740
d,ao,creaky,4,male,G4,p>f,5,1,2133,719740
f,a,modal,-5,male,G1,p<f,-4,0,2190,719740
f,a,modal,0,male,G2,p>f,1,0,3324,719740
f,a,modal,2,male,G2,p>f,3,1,9792,719740
f,a,creaky,-5,male,G3,p<f,-4,0,2312,719740
sh,a,creaky,-6,male,G3,p<f,-5,0,1865,719740
sh,a,creaky,-7,male,G3,p<f,-6,0,2251,719740
sh,a,creaky,2,male,G4,p>f,3,1,1885,719740
sh,a,creaky,5,male,G4,p>f,6,1,1926,719740
z,ao,modal,-2,male,G1,p<f,-1,0,1542,719740
z,ao,creaky,-4,male,G3,p<f,-3,0,1721,719740
z,ao,creaky,1,male,G4,p>f,2,0,1643,719740
z,ao,creaky,3,male,G4,p>f,4,0,2311,719740
zh,ao,modal,-3,male,G1,p<f,-2,0,1621,719740
zh,ao,modal,1,male,G2,p>f,2,0,2278,719740
zh,ao,modal,5,male,G2,p>f,6,1,1805,719740
zh,ao,creaky,-2,male,G3,p<f,-1,0,2153,719740
b,ao,modal,10,female,G2,p>f,1,0,1703,719740
b,ao,modal,14,female,G2,p>f,5,1,2600,719740
b,ao,modal,5,female,G1,p<f,-4,0,2103,719740
b,ao,creaky,15,female,G4,p>f,6,1,1921,719740
d,ao,modal,3,female,G1,p<f,-6,0,2206,719740
d,ao,modal,7,female,G1,p<f,-2,0,1347,719740
d,ao,creaky,3,female,G3,p<f,-6,0,2173,719740
d,ao,creaky,8,female,G3,p<f,-1,0,1264,719740
f,a,modal,11,female,G2,p>f,2,1,10429,719740
f,a,creaky,14,female,G4,p>f,5,1,1587,719740
f,a,creaky,4,female,G3,p<f,-5,0,1363,719740
f,a,creaky,7,female,G3,p<f,-2,0,1632,719740
sh,a,modal,6,female,G1,p<f,-3,0,1686,719740
sh,a,modal,8,female,G1,p<f,-1,0,4152,719740
sh,a,creaky,10,female,G4,p>f,1,0,1980,719740
sh,a,creaky,11,female,G4,p>f,2,0,6273,719740
z,ao,modal,12,female,G2,p>f,3,1,2573,719740
z,ao,modal,15,female,G2,p>f,6,1,2390,719740
z,ao,modal,4,female,G1,p<f,-5,0,2197,719740
z,ao,creaky,13,female,G4,p>f,4,1,3244,719740
zh,ao,modal,13,female,G2,p>f,4,1,2127,719740
zh,ao,creaky,12,female,G4,p>f,3,0,2029,719740
zh,ao,creaky,5,female,G3,p<f,-4,0,1477,719740
zh,ao,creaky,6,female,G3,p<f,-3,0,6215,719740
b,ao,modal,0,male,G2,p>f,1,0,1578,719740
b,ao,creaky,-5,male,G3,p<f,-4,0,2252,719740
b,ao,creaky,-6,male,G3,p<f,-5,0,1871,719740
b,ao,creaky,4,male,G4,p>f,5,1,2484,719740
d,ao,modal,-2,male,G1,p<f,-1,0,1371,719740
d,ao,creaky,-2,male,G3,p<f,-1,0,1920,719740
d,ao,creaky,-4,male,G3,p<f,-3,0,2070,719740
d,ao,creaky,5,male,G4,p>f,6,1,2327,719740
f,a,modal,-6,male,G1,p<f,-5,0,2318,719740
f,a,creaky,-7,male,G3,p<f,-6,0,2322,719740
f,a,creaky,0,male,G4,p>f,1,0,1623,719740
f,a,creaky,1,male,G4,p>f,2,0,3446,719740
sh,a,modal,1,male,G2,p>f,2,0,2575,719740
sh,a,modal,2,male,G2,p>f,3,1,3098,719740
sh,a,modal,5,male,G2,p>f,6,1,1543,719740
sh,a,creaky,3,male,G4,p>f,4,1,1961,719740
z,ao,modal,-3,male,G1,p<f,-2,0,2484,719740
z,ao,modal,-4,male,G1,p<f,-3,0,2166,719740
z,ao,modal,3,male,G2,p>f,4,1,2038,719740
z,ao,modal,4,male,G2,p>f,5,1,3087,719740
zh,ao,modal,-5,male,G1,p<f,-4,0,1948,719740
zh,ao,modal,-7,male,G1,p<f,-6,0,3153,719740
zh,ao,creaky,-3,male,G3,p<f,-2,0,1950,719740
zh,ao,creaky,2,male,G4,p>f,3,1,2891,719740
b,ao,modal,4,female,G1,p<f,-5,0,1926,719740
b,ao,modal,6,female,G1,p<f,-3,0,1956,719740
b,ao,creaky,11,female,G4,p>f,2,0,2076,719740
b,ao,creaky,3,female,G3,p<f,-6,0,2745,719740
d,ao,modal,10,female,G2,p>f,1,0,1888,719740
d,ao,modal,12,female,G2,p>f,3,1,2864,719740
d,ao,creaky,13,female,G4,p>f,4,0,1262,719740
d,ao,creaky,4,female,G3,p<f,-5,0,1712,719740
f,a,modal,3,female,G1,p<f,-6,0,1866,719740
f,a,modal,5,female,G1,p<f,-4,0,1757,719740
f,a,modal,8,female,G1,p<f,-1,0,2390,719740
f,a,creaky,8,female,G3,p<f,-1,0,3107,719740
sh,a,modal,13,female,G2,p>f,4,1,2237,719740
sh,a,modal,7,female,G1,p<f,-2,0,2243,719740
sh,a,creaky,14,female,G4,p>f,5,1,1934,719740
sh,a,creaky,15,female,G4,p>f,6,1,1849,719740
z,ao,creaky,10,female,G4,p>f,1,0,3083,719740
z,ao,creaky,12,female,G4,p>f,3,0,2392,719740
z,ao,creaky,5,female,G3,p<f,-4,0,1730,719740
z,ao,creaky,6,female,G3,p<f,-3,0,1479,719740
zh,ao,modal,11,female,G2,p>f,2,0,7023,719740
zh,ao,modal,14,female,G2,p>f,5,1,1744,719740
zh,ao,modal,15,female,G2,p>f,6,1,1989,719740
zh,ao,creaky,7,female,G3,p<f,-2,0,2048,719740
b,ao,modal,2,male,G2,p>f,3,1,1788,719740
b,ao,modal,3,male,G2,p>f,4,1,2867,719740
b,ao,creaky,-7,male,G3,p<f,-6,0,1537,719740
b,ao,creaky,2,male,G4,p>f,3,0,3431,719740
d,ao,modal,-5,male,G1,p<f,-4,0,1885,719740
d,ao,creaky,-5,male,G3,p<f,-4,0,1762,719740
d,ao,creaky,1,male,G4,p>f,2,0,2593,719740
d,ao,creaky,3,male,G4,p>f,4,1,2077,719740
f,a,modal,-3,male,G1,p<f,-2,0,1607,719740
f,a,modal,-7,male,G1,p<f,-6,0,2605,719740
f,a,modal,1,male,G2,p>f,2,0,2119,719740
f,a,creaky,-4,male,G3,p<f,-3,0,1625,719740
sh,a,modal,-4,male,G1,p<f,-3,0,1690,719740
sh,a,modal,0,male,G2,p>f,1,0,1944,719740
sh,a,creaky,-2,male,G3,p<f,-1,0,2014,719740
sh,a,creaky,-3,male,G3,p<f,-2,0,1510,719740
z,ao,modal,-6,male,G1,p<f,-5,0,1798,719740
z,ao,modal,5,male,G2,p>f,6,1,1527,719740
z,ao,creaky,0,male,G4,p>f,1,0,1803,719740
z,ao,creaky,4,male,G4,p>f,5,1,2019,719740
zh,ao,modal,-2,male,G1,p<f,-1,0,2289,719740
zh,ao,modal,4,male,G2,p>f,5,1,1626,719740
zh,ao,creaky,-6,male,G3,p<f,-5,0,2707,719740
zh,ao,creaky,5,male,G4,p>f,6,1,2207,719740
b,ao,modal,7,female,G1,p<f,-2,0,1688,719762
b,ao,creaky,14,female,G4,p>f,5,0,2051,719762
b,ao,creaky,4,female,G3,p<f,-5,0,1355,719762
b,ao,creaky,8,female,G3,p<f,-1,0,1481,719762
d,ao,modal,11,female,G2,p>f,2,0,5230,719762
d,ao,modal,15,female,G2,p>f,6,1,2410,719762
d,ao,modal,5,female,G1,p<f,-4,1,3664,719762
d,ao,creaky,12,female,G4,p>f,3,1,2379,719762
f,a,modal,13,female,G2,p>f,4,1,2086,719762
f,a,modal,4,female,G1,p<f,-5,0,3343,719762
f,a,creaky,13,female,G4,p>f,4,1,3393,719762
f,a,creaky,15,female,G4,p>f,6,1,1728,719762
sh,a,modal,14,female,G2,p>f,5,1,1363,719762
sh,a,modal,3,female,G1,p<f,-6,0,1731,719762
sh,a,creaky,5,female,G3,p<f,-4,0,1578,719762
sh,a,creaky,6,female,G3,p<f,-3,0,1481,719762
z,ao,modal,10,female,G2,p>f,1,0,1487,719762
z,ao,modal,6,female,G1,p<f,-3,0,1539,719762
z,ao,creaky,11,female,G4,p>f,2,0,1360,719762
z,ao,creaky,7,female,G3,p<f,-2,0,1494,719762
zh,ao,modal,12,female,G2,p>f,3,0,4318,719762
zh,ao,modal,8,female,G1,p<f,-1,0,1455,719762
zh,ao,creaky,10,female,G4,p>f,1,0,2052,719762
zh,ao,creaky,3,female,G3,p<f,-6,0,1215,719762
b,ao,modal,-2,male,G1,p<f,-1,0,1723,719762
b,ao,modal,-5,male,G1,p<f,-4,0,1173,719762
b,ao,modal,1,male,G2,p>f,2,0,6395,719762
b,ao,modal,5,male,G2,p>f,6,1,1517,719762
d,ao,modal,-4,male,G1,p<f,-3,0,2443,719762
d,ao,modal,0,male,G2,p>f,1,0,2843,719762
d,ao,creaky,-6,male,G3,p<f,-5,0,1243,719762
d,ao,creaky,0,male,G4,p>f,1,0,1777,719762
f,a,modal,3,male,G2,p>f,4,1,2319,719762
f,a,modal,4,male,G2,p>f,5,1,1386,719762
f,a,creaky,-2,male,G3,p<f,-1,0,1193,719762
f,a,creaky,2,male,G4,p>f,3,1,3193,719762
sh,a,modal,-3,male,G1,p<f,-2,0,1268,719762
sh,a,modal,-7,male,G1,p<f,-6,0,2493,719762
sh,a,creaky,1,male,G4,p>f,2,0,2929,719762
sh,a,creaky,4,male,G4,p>f,5,1,2806,719762
z,ao,modal,2,male,G2,p>f,3,1,3590,719762
z,ao,creaky,-3,male,G3,p<f,-2,0,1063,719762
z,ao,creaky,-5,male,G3,p<f,-4,0,1758,719762
z,ao,creaky,5,male,G4,p>f,6,0,1447,719762
zh,ao,modal,-6,male,G1,p<f,-5,0,1517,719762
zh,ao,creaky,-4,male,G3,p<f,-3,0,1329,719762
zh,ao,creaky,-7,male,G3,p<f,-6,0,1572,719762
zh,ao,creaky,3,male,G4,p>f,4,1,1577,719762
b,ao,modal,12,female,G2,p>f,3,0,11272,719762
b,ao,creaky,10,female,G4,p>f,1,0,5652,719762
b,ao,creaky,13,female,G4,p>f,4,0,7854,719762
b,ao,creaky,6,female,G3,p<f,-3,0,1093,719762
d,ao,modal,14,female,G2,p>f,5,1,2374,719762
d,ao,modal,8,female,G1,p<f,-1,0,1834,719762
d,ao,creaky,11,female,G4,p>f,2,0,4531,719762
d,ao,creaky,14,female,G4,p>f,5,0,10036,719762
f,a,modal,15,female,G2,p>f,6,1,1507,719762
f,a,modal,7,female,G1,p<f,-2,0,2352,719762
f,a,creaky,12,female,G4,p>f,3,0,2193,719762
f,a,creaky,5,female,G3,p<f,-4,0,1360,719762
sh,a,modal,11,female,G2,p>f,2,0,1878,719762
sh,a,modal,4,female,G1,p<f,-5,0,4465,719762
sh,a,creaky,3,female,G3,p<f,-6,0,1349,719762
sh,a,creaky,7,female,G3,p<f,-2,0,1451,719762
z,ao,modal,13,female,G2,p>f,4,1,1351,719762
z,ao,modal,5,female,G1,p<f,-4,0,2705,719762
z,ao,creaky,15,female,G4,p>f,6,0,3234,719762
z,ao,creaky,8,female,G3,p<f,-1,0,1018,719762
zh,ao,modal,10,female,G2,p>f,1,0,1750,719762
zh,ao,modal,3,female,G1,p<f,-6,0,1601,719762
zh,ao,modal,6,female,G1,p<f,-3,0,1596,719762
zh,ao,creaky,4,female,G3,p<f,-5,0,1675,719762
b,ao,modal,4,male,G2,p>f,5,1,1596,719762
b,ao,creaky,-3,male,G3,p<f,-2,0,1142,719762
b,ao,creaky,1,male,G4,p>f,2,0,1310,719762
b,ao,creaky,5,male,G4,p>f,6,0,1245,719762
d,ao,modal,-3,male,G1,p<f,-2,0,2298,719762
d,ao,modal,-6,male,G1,p<f,-5,0,2621,719762
d,ao,modal,-7,male,G1,p<f,-6,0,1474,719762
d,ao,creaky,2,male,G4,p>f,3,1,2250,719762
f,a,modal,-2,male,G1,p<f,-1,0,1602,719762
f,a,modal,5,male,G2,p>f,6,1,1502,719762
f,a,creaky,-6,male,G3,p<f,-5,0,2228,719762
f,a,creaky,3,male,G4,p>f,4,1,1829,719762
sh,a,modal,-5,male,G1,p<f,-4,0,1514,719762
sh,a,modal,3,male,G2,p>f,4,1,1453,719762
sh,a,creaky,-4,male,G3,p<f,-3,0,1360,719762
sh,a,creaky,0,male,G4,p>f,1,0,6614,719762
z,ao,modal,0,male,G2,p>f,1,0,1384,719762
z,ao,modal,1,male,G2,p>f,2,0,1376,719762
z,ao,creaky,-2,male,G3,p<f,-1,0,2448,719762
z,ao,creaky,-7,male,G3,p<f,-6,0,1365,719762
zh,ao,modal,-4,male,G1,p<f,-3,0,2211,719762
zh,ao,modal,2,male,G2,p>f,3,1,2366,719762
zh,ao,creaky,-5,male,G3,p<f,-4,0,1828,719762
zh,ao,creaky,4,male,G4,p>f,5,1,1615,719762
b,ao,modal,11,female,G2,p>f,2,0,1244,719762
b,ao,modal,13,female,G2,p>f,4,1,4511,719762
b,ao,modal,8,female,G1,p<f,-1,0,1510,719762
b,ao,creaky,7,female,G3,p<f,-2,0,1531,719762
d,ao,modal,4,female,G1,p<f,-5,0,2733,719762
d,ao,creaky,10,female,G4,p>f,1,0,2178,719762
d,ao,creaky,5,female,G3,p<f,-4,0,2436,719762
d,ao,creaky,6,female,G3,p<f,-3,0,1907,719762
f,a,modal,12,female,G2,p>f,3,1,7044,719762
f,a,modal,6,female,G1,p<f,-3,0,1875,719762
f,a,creaky,11,female,G4,p>f,2,1,1712,719762
f,a,creaky,3,female,G3,p<f,-6,0,2119,719762
sh,a,modal,10,female,G2,p>f,1,0,1761,719762
sh,a,modal,15,female,G2,p>f,6,1,1585,719762
sh,a,creaky,12,female,G4,p>f,3,1,1520,719762
sh,a,creaky,13,female,G4,p>f,4,1,1861,719762
z,ao,modal,14,female,G2,p>f,5,1,1919,719762
z,ao,modal,3,female,G1,p<f,-6,0,2064,719762
z,ao,creaky,14,female,G4,p>f,5,1,2429,719762
z,ao,creaky,4,female,G3,p<f,-5,0,1604,719762
zh,ao,modal,5,female,G1,p<f,-4,0,1688,719762
zh,ao,modal,7,female,G1,p<f,-2,0,1735,719762
zh,ao,creaky,15,female,G4,p>f,6,1,2739,719762
zh,ao,creaky,8,female,G3,p<f,-1,0,1894,719762
b,ao,modal,-3,male,G1,p<f,-2,0,1520,719762
b,ao,creaky,-2,male,G3,p<f,-1,0,1242,719762
b,ao,creaky,-4,male,G3,p<f,-3,0,1560,719762
b,ao,creaky,3,male,G4,p>f,4,1,2072,719762
d,ao,modal,1,male,G2,p>f,2,0,3628,719762
d,ao,modal,2,male,G2,p>f,3,1,2218,719762
d,ao,modal,5,male,G2,p>f,6,1,2303,719762
d,ao,creaky,-7,male,G3,p<f,-6,0,1428,719762
f,a,modal,-4,male,G1,p<f,-3,0,2147,719762
f,a,creaky,-3,male,G3,p<f,-2,0,1519,719762
f,a,creaky,4,male,G4,p>f,5,1,1769,719762
f,a,creaky,5,male,G4,p>f,6,1,1503,719762
sh,a,modal,-2,male,G1,p<f,-1,0,1763,719762
sh,a,modal,-6,male,G1,p<f,-5,0,1953,719762
sh,a,modal,4,male,G2,p>f,5,1,1952,719762
sh,a,creaky,-5,male,G3,p<f,-4,0,2277,719762
z,ao,modal,-5,male,G1,p<f,-4,0,1481,719762
z,ao,modal,-7,male,G1,p<f,-6,0,1793,719762
z,ao,creaky,-6,male,G3,p<f,-5,0,1935,719762
z,ao,creaky,2,male,G4,p>f,3,0,2193,719762
zh,ao,modal,0,male,G2,p>f,1,0,3420,719762
zh,ao,modal,3,male,G2,p>f,4,1,1731,719762
zh,ao,creaky,0,male,G4,p>f,1,0,2159,719762
zh,ao,creaky,1,male,G4,p>f,2,0,1761,719762
b,ao,modal,15,female,G2,p>f,6,1,2046,719762
b,ao,modal,3,female,G1,p<f,-6,0,2593,719762
b,ao,creaky,12,female,G4,p>f,3,0,4439,719762
b,ao,creaky,5,female,G3,p<f,-4,0,1743,719762
d,ao,modal,13,female,G2,p>f,4,1,3518,719762
d,ao,modal,6,female,G1,p<f,-3,0,1428,719762
d,ao,creaky,15,female,G4,p>f,6,1,3442,719762
d,ao,creaky,7,female,G3,p<f,-2,0,2295,719762
f,a,modal,10,female,G2,p>f,1,0,1794,719762
f,a,modal,14,female,G2,p>f,5,1,1946,719762
f,a,creaky,10,female,G4,p>f,1,0,1750,719762
f,a,creaky,6,female,G3,p<f,-3,0,1417,719762
sh,a,modal,12,female,G2,p>f,3,1,5854,719762
sh,a,modal,5,female,G1,p<f,-4,0,1503,719762
sh,a,creaky,4,female,G3,p<f,-5,0,1621,719762
sh,a,creaky,8,female,G3,p<f,-1,0,1653,719762
z,ao,modal,11,female,G2,p>f,2,0,1651,719762
z,ao,modal,7,female,G1,p<f,-2,0,1760,719762
z,ao,modal,8,female,G1,p<f,-1,0,1780,719762
z,ao,creaky,3,female,G3,p<f,-6,0,1985,719762
zh,ao,modal,4,female,G1,p<f,-5,0,1747,719762
zh,ao,creaky,11,female,G4,p>f,2,0,1359,719762
zh,ao,creaky,13,female,G4,p>f,4,1,3398,719762
zh,ao,creaky,14,female,G4,p>f,5,1,2254,719762
b,ao,modal,-4,male,G1,p<f,-3,0,1544,719762
b,ao,modal,-6,male,G1,p<f,-5,0,1769,719762
b,ao,modal,-7,male,G1,p<f,-6,0,1381,719762
b,ao,creaky,0,male,G4,p>f,1,0,1528,719762
d,ao,modal,3,male,G2,p>f,4,1,2453,719762
d,ao,modal,4,male,G2,p>f,5,1,1244,719762
d,ao,creaky,-3,male,G3,p<f,-2,0,1689,719762
d,ao,creaky,4,male,G4,p>f,5,1,2195,719762
f,a,modal,-5,male,G1,p<f,-4,0,2343,719762
f,a,modal,0,male,G2,p>f,1,0,1576,719762
f,a,modal,2,male,G2,p>f,3,0,2577,719762
f,a,creaky,-5,male,G3,p<f,-4,0,1534,719762
sh,a,creaky,-6,male,G3,p<f,-5,0,1593,719762
sh,a,creaky,-7,male,G3,p<f,-6,0,2641,719762
sh,a,creaky,2,male,G4,p>f,3,1,2054,719762
sh,a,creaky,5,male,G4,p>f,6,1,2303,719762
z,ao,modal,-2,male,G1,p<f,-1,0,1438,719762
z,ao,creaky,-4,male,G3,p<f,-3,0,1589,719762
z,ao,creaky,1,male,G4,p>f,2,0,1353,719762
z,ao,creaky,3,male,G4,p>f,4,0,1711,719762
zh,ao,modal,-3,male,G1,p<f,-2,0,1319,719762
zh,ao,modal,1,male,G2,p>f,2,0,3240,719762
zh,ao,modal,5,male,G2,p>f,6,1,1526,719762
zh,ao,creaky,-2,male,G3,p<f,-1,0,1451,719762
b,ao,modal,10,female,G2,p>f,1,0,1183,719762
b,ao,modal,14,female,G2,p>f,5,1,1542,719762
b,ao,modal,5,female,G1,p<f,-4,0,3435,719762
b,ao,creaky,15,female,G4,p>f,6,1,12306,719762
d,ao,modal,3,female,G1,p<f,-6,0,1565,719762
d,ao,modal,7,female,G1,p<f,-2,0,3375,719762
d,ao,creaky,3,female,G3,p<f,-6,0,1430,719762
d,ao,creaky,8,female,G3,p<f,-1,0,1606,719762
f,a,modal,11,female,G2,p>f,2,0,2006,719762
f,a,creaky,14,female,G4,p>f,5,1,1739,719762
f,a,creaky,4,female,G3,p<f,-5,0,1602,719762
f,a,creaky,7,female,G3,p<f,-2,0,4759,719762
sh,a,modal,6,female,G1,p<f,-3,0,1753,719762
sh,a,modal,8,female,G1,p<f,-1,0,1481,719762
sh,a,creaky,10,female,G4,p>f,1,0,1540,719762
sh,a,creaky,11,female,G4,p>f,2,1,1761,719762
z,ao,modal,12,female,G2,p>f,3,0,2779,719762
z,ao,modal,15,female,G2,p>f,6,1,1310,719762
z,ao,modal,4,female,G1,p<f,-5,0,1660,719762
z,ao,creaky,13,female,G4,p>f,4,0,1248,719762
zh,ao,modal,13,female,G2,p>f,4,1,4144,719762
zh,ao,creaky,12,female,G4,p>f,3,0,2853,719762
zh,ao,creaky,5,female,G3,p<f,-4,0,1638,719762
zh,ao,creaky,6,female,G3,p<f,-3,0,1223,719762
b,ao,modal,0,male,G2,p>f,1,0,1588,719762
b,ao,creaky,-5,male,G3,p<f,-4,0,1686,719762
b,ao,creaky,-6,male,G3,p<f,-5,0,1487,719762
b,ao,creaky,4,male,G4,p>f,5,1,1593,719762
d,ao,modal,-2,male,G1,p<f,-1,0,1186,719762
d,ao,creaky,-2,male,G3,p<f,-1,0,1469,719762
d,ao,creaky,-4,male,G3,p<f,-3,0,1368,719762
d,ao,creaky,5,male,G4,p>f,6,1,2018,719762
f,a,modal,-6,male,G1,p<f,-5,0,1921,719762
f,a,creaky,-7,male,G3,p<f,-6,0,1484,719762
f,a,creaky,0,male,G4,p>f,1,0,2382,719762
f,a,creaky,1,male,G4,p>f,2,1,3087,719762
sh,a,modal,1,male,G2,p>f,2,1,8718,719762
sh,a,modal,2,male,G2,p>f,3,1,2478,719762
sh,a,modal,5,male,G2,p>f,6,1,1611,719762
sh,a,creaky,3,male,G4,p>f,4,1,1936,719762
z,ao,modal,-3,male,G1,p<f,-2,0,1540,719762
z,ao,modal,-4,male,G1,p<f,-3,0,2196,719762
z,ao,modal,3,male,G2,p>f,4,1,2024,719762
z,ao,modal,4,male,G2,p>f,5,1,2247,719762
zh,ao,modal,-5,male,G1,p<f,-4,0,1735,719762
zh,ao,modal,-7,male,G1,p<f,-6,0,3263,719762
zh,ao,creaky,-3,male,G3,p<f,-2,0,1602,719762
zh,ao,creaky,2,male,G4,p>f,3,1,1911,719762
b,ao,modal,4,female,G1,p<f,-5,0,3475,719762
b,ao,modal,6,female,G1,p<f,-3,0,1401,719762
b,ao,creaky,11,female,G4,p>f,2,0,2157,719762
b,ao,creaky,3,female,G3,p<f,-6,0,1548,719762
d,ao,modal,10,female,G2,p>f,1,0,1412,719762
d,ao,modal,12,female,G2,p>f,3,0,2422,719762
d,ao,creaky,13,female,G4,p>f,4,1,2390,719762
d,ao,creaky,4,female,G3,p<f,-5,0,1744,719762
f,a,modal,3,female,G1,p<f,-6,0,1456,719762
f,a,modal,5,female,G1,p<f,-4,0,1447,719762
f,a,modal,8,female,G1,p<f,-1,0,1679,719762
f,a,creaky,8,female,G3,p<f,-1,0,1807,719762
sh,a,modal,13,female,G2,p>f,4,1,1926,719762
sh,a,modal,7,female,G1,p<f,-2,0,1439,719762
sh,a,creaky,14,female,G4,p>f,5,1,1520,719762
sh,a,creaky,15,female,G4,p>f,6,1,1117,719762
z,ao,creaky,10,female,G4,p>f,1,0,1409,719762
z,ao,creaky,12,female,G4,p>f,3,0,4253,719762
z,ao,creaky,5,female,G3,p<f,-4,0,2031,719762
z,ao,creaky,6,female,G3,p<f,-3,0,1595,719762
zh,ao,modal,11,female,G2,p>f,2,0,1575,719762
zh,ao,modal,14,female,G2,p>f,5,1,1913,719762
zh,ao,modal,15,female,G2,p>f,6,1,1724,719762
zh,ao,creaky,7,female,G3,p<f,-2,0,1428,719762
b,ao,modal,2,male,G2,p>f,3,1,2002,719762
b,ao,modal,3,male,G2,p>f,4,1,1895,719762
b,ao,creaky,-7,male,G3,p<f,-6,0,1360,719762
b,ao,creaky,2,male,G4,p>f,3,0,1271,719762
d,ao,modal,-5,male,G1,p<f,-4,0,1149,719762
d,ao,creaky,-5,male,G3,p<f,-4,0,1448,719762
d,ao,creaky,1,male,G4,p>f,2,1,3136,719762
d,ao,creaky,3,male,G4,p>f,4,1,2068,719762
f,a,modal,-3,male,G1,p<f,-2,0,1835,719762
f,a,modal,-7,male,G1,p<f,-6,0,1449,719762
f,a,modal,1,male,G2,p>f,2,1,3645,719762
f,a,creaky,-4,male,G3,p<f,-3,0,1691,719762
sh,a,modal,-4,male,G1,p<f,-3,0,1684,719762
sh,a,modal,0,male,G2,p>f,1,0,1514,719762
sh,a,creaky,-2,male,G3,p<f,-1,0,1405,719762
sh,a,creaky,-3,male,G3,p<f,-2,0,1933,719762
z,ao,modal,-6,male,G1,p<f,-5,0,1349,719762
z,ao,modal,5,male,G2,p>f,6,1,1661,719762
z,ao,creaky,0,male,G4,p>f,1,0,1778,719762
z,ao,creaky,4,male,G4,p>f,5,1,1703,719762
zh,ao,modal,-2,male,G1,p<f,-1,0,1431,719762
zh,ao,modal,4,male,G2,p>f,5,1,1609,719762
zh,ao,creaky,-6,male,G3,p<f,-5,0,1278,719762
zh,ao,creaky,5,male,G4,p>f,6,1,1943,719762
b,ao,modal,7,female,G1,p<f,-2,0,1379,720547
b,ao,creaky,14,female,G4,p>f,5,0,1575,720547
b,ao,creaky,4,female,G3,p<f,-5,0,2504,720547
b,ao,creaky,8,female,G3,p<f,-1,0,1392,720547
d,ao,modal,11,female,G2,p>f,2,0,3990,720547
d,ao,modal,15,female,G2,p>f,6,1,1838,720547
d,ao,modal,5,female,G1,p<f,-4,1,3804,720547
d,ao,creaky,12,female,G4,p>f,3,0,1340,720547
f,a,modal,13,female,G2,p>f,4,1,1337,720547
f,a,modal,4,female,G1,p<f,-5,0,2602,720547
f,a,creaky,13,female,G4,p>f,4,1,1596,720547
f,a,creaky,15,female,G4,p>f,6,1,1511,720547
sh,a,modal,14,female,G2,p>f,5,1,1824,720547
sh,a,modal,3,female,G1,p<f,-6,1,3255,720547
sh,a,creaky,5,female,G3,p<f,-4,0,1721,720547
sh,a,creaky,6,female,G3,p<f,-3,0,5096,720547
z,ao,modal,10,female,G2,p>f,1,0,2271,720547
z,ao,modal,6,female,G1,p<f,-3,1,4080,720547
z,ao,creaky,11,female,G4,p>f,2,0,3043,720547
z,ao,creaky,7,female,G3,p<f,-2,0,2278,720547
zh,ao,modal,12,female,G2,p>f,3,0,3838,720547
zh,ao,modal,8,female,G1,p<f,-1,0,1746,720547
zh,ao,creaky,10,female,G4,p>f,1,0,1213,720547
zh,ao,creaky,3,female,G3,p<f,-6,0,2689,720547
b,ao,modal,-2,male,G1,p<f,-1,0,2292,720547
b,ao,modal,-5,male,G1,p<f,-4,0,1563,720547
b,ao,modal,1,male,G2,p>f,2,0,1621,720547
b,ao,modal,5,male,G2,p>f,6,1,1470,720547
d,ao,modal,-4,male,G1,p<f,-3,0,1456,720547
d,ao,modal,0,male,G2,p>f,1,0,1122,720547
d,ao,creaky,-6,male,G3,p<f,-5,0,1389,720547
d,ao,creaky,0,male,G4,p>f,1,0,1955,720547
f,a,modal,3,male,G2,p>f,4,1,1395,720547
f,a,modal,4,male,G2,p>f,5,1,1499,720547
f,a,creaky,-2,male,G3,p<f,-1,1,2188,720547
f,a,creaky,2,male,G4,p>f,3,1,1512,720547
sh,a,modal,-3,male,G1,p<f,-2,1,3154,720547
sh,a,modal,-7,male,G1,p<f,-6,0,2112,720547
sh,a,creaky,1,male,G4,p>f,2,0,3292,720547
sh,a,creaky,4,male,G4,p>f,5,1,1704,720547
z,ao,modal,2,male,G2,p>f,3,1,1605,720547
z,ao,creaky,-3,male,G3,p<f,-2,0,3247,720547
z,ao,creaky,-5,male,G3,p<f,-4,0,2445,720547
z,ao,creaky,5,male,G4,p>f,6,0,9871,720547
zh,ao,modal,-6,male,G1,p<f,-5,0,3425,720547
zh,ao,creaky,-4,male,G3,p<f,-3,0,12356,720547
zh,ao,creaky,-7,male,G3,p<f,-6,1,3762,720547
zh,ao,creaky,3,male,G4,p>f,4,1,1558,720547
b,ao,modal,12,female,G2,p>f,3,1,2361,720547
b,ao,creaky,10,female,G4,p>f,1,0,1641,720547
b,ao,creaky,13,female,G4,p>f,4,0,1706,720547
b,ao,creaky,6,female,G3,p<f,-3,0,1306,720547
d,ao,modal,14,female,G2,p>f,5,1,1944,720547
d,ao,modal,8,female,G1,p<f,-1,0,2212,720547
d,ao,creaky,11,female,G4,p>f,2,0,1723,720547
d,ao,creaky,14,female,G4,p>f,5,0,2345,720547
f,a,modal,15,female,G2,p>f,6,1,1556,720547
f,a,modal,7,female,G1,p<f,-2,1,1296,720547
f,a,creaky,12,female,G4,p>f,3,0,2228,720547
f,a,creaky,5,female,G3,p<f,-4,0,2045,720547
sh,a,modal,11,female,G2,p>f,2,0,5260,720547
sh,a,modal,4,female,G1,p<f,-5,0,2310,720547
sh,a,creaky,3,female,G3,p<f,-6,0,2924,720547
sh,a,creaky,7,female,G3,p<f,-2,0,1590,720547
z,ao,modal,13,female,G2,p>f,4,0,2195,720547
z,ao,modal,5,female,G1,p<f,-4,0,2278,720547
z,ao,creaky,15,female,G4,p>f,6,0,1445,720547
z,ao,creaky,8,female,G3,p<f,-1,0,1212,720547
zh,ao,modal,10,female,G2,p>f,1,0,1590,720547
zh,ao,modal,3,female,G1,p<f,-6,0,1957,720547
zh,ao,modal,6,female,G1,p<f,-3,0,2478,720547
zh,ao,creaky,4,female,G3,p<f,-5,0,1222,720547
b,ao,modal,4,male,G2,p>f,5,1,2110,720547
b,ao,creaky,-3,male,G3,p<f,-2,0,1440,720547
b,ao,creaky,1,male,G4,p>f,2,0,1387,720547
b,ao,creaky,5,male,G4,p>f,6,0,1847,720547
d,ao,modal,-3,male,G1,p<f,-2,0,1528,720547
d,ao,modal,-6,male,G1,p<f,-5,0,1513,720547
d,ao,modal,-7,male,G1,p<f,-6,0,1407,720547
d,ao,creaky,2,male,G4,p>f,3,0,1328,720547
f,a,modal,-2,male,G1,p<f,-1,0,1562,720547
f,a,modal,5,male,G2,p>f,6,1,1457,720547
f,a,creaky,-6,male,G3,p<f,-5,0,2006,720547
f,a,creaky,3,male,G4,p>f,4,1,1860,720547
sh,a,modal,-5,male,G1,p<f,-4,0,1905,720547
sh,a,modal,3,male,G2,p>f,4,1,1462,720547
sh,a,creaky,-4,male,G3,p<f,-3,0,1712,720547
sh,a,creaky,0,male,G4,p>f,1,0,2939,720547
z,ao,modal,0,male,G2,p>f,1,0,1827,720547
z,ao,modal,1,male,G2,p>f,2,0,1857,720547
z,ao,creaky,-2,male,G3,p<f,-1,0,2255,720547
z,ao,creaky,-7,male,G3,p<f,-6,0,2058,720547
zh,ao,modal,-4,male,G1,p<f,-3,0,1579,720547
zh,ao,modal,2,male,G2,p>f,3,1,1259,720547
zh,ao,creaky,-5,male,G3,p<f,-4,0,1812,720547
zh,ao,creaky,4,male,G4,p>f,5,1,1611,720547
b,ao,modal,11,female,G2,p>f,2,0,1578,720547
b,ao,modal,13,female,G2,p>f,4,1,1994,720547
b,ao,modal,8,female,G1,p<f,-1,0,1379,720547
b,ao,creaky,7,female,G3,p<f,-2,0,1244,720547
d,ao,modal,4,female,G1,p<f,-5,0,1589,720547
d,ao,creaky,10,female,G4,p>f,1,0,1713,720547
d,ao,creaky,5,female,G3,p<f,-4,0,1762,720547
d,ao,creaky,6,female,G3,p<f,-3,0,2457,720547
f,a,modal,12,female,G2,p>f,3,1,1605,720547
f,a,modal,6,female,G1,p<f,-3,0,1878,720547
f,a,creaky,11,female,G4,p>f,2,1,1522,720547
f,a,creaky,3,female,G3,p<f,-6,0,2930,720547
sh,a,modal,10,female,G2,p>f,1,0,1915,720547
sh,a,modal,15,female,G2,p>f,6,1,1395,720547
sh,a,creaky,12,female,G4,p>f,3,1,1727,720547
sh,a,creaky,13,female,G4,p>f,4,1,1521,720547
z,ao,modal,14,female,G2,p>f,5,1,1557,720547
z,ao,modal,3,female,G1,p<f,-6,0,2745,720547
z,ao,creaky,14,female,G4,p>f,5,0,1609,720547
z,ao,creaky,4,female,G3,p<f,-5,0,2026,720547
zh,ao,modal,5,female,G1,p<f,-4,0,1829,720547
zh,ao,modal,7,female,G1,p<f,-2,0,1643,720547
zh,ao,creaky,15,female,G4,p>f,6,1,1737,720547
zh,ao,creaky,8,female,G3,p<f,-1,0,1306,720547
b,ao,modal,-3,male,G1,p<f,-2,0,1557,720547
b,ao,creaky,-2,male,G3,p<f,-1,0,1477,720547
b,ao,creaky,-4,male,G3,p<f,-3,0,1605,720547
b,ao,creaky,3,male,G4,p>f,4,1,2409,720547
d,ao,modal,1,male,G2,p>f,2,0,3540,720547
d,ao,modal,2,male,G2,p>f,3,0,1706,720547
d,ao,modal,5,male,G2,p>f,6,1,1420,720547
d,ao,creaky,-7,male,G3,p<f,-6,0,1338,720547
f,a,modal,-4,male,G1,p<f,-3,0,1718,720547
f,a,creaky,-3,male,G3,p<f,-2,0,3588,720547
f,a,creaky,4,male,G4,p>f,5,1,1572,720547
f,a,creaky,5,male,G4,p>f,6,1,1746,720547
sh,a,modal,-2,male,G1,p<f,-1,0,1611,720547
sh,a,modal,-6,male,G1,p<f,-5,0,2379,720547
sh,a,modal,4,male,G2,p>f,5,1,1512,720547
sh,a,creaky,-5,male,G3,p<f,-4,0,2805,720547
z,ao,modal,-5,male,G1,p<f,-4,0,1708,720547
z,ao,modal,-7,male,G1,p<f,-6,0,2239,720547
z,ao,creaky,-6,male,G3,p<f,-5,0,2866,720547
z,ao,creaky,2,male,G4,p>f,3,1,9746,720547
zh,ao,modal,0,male,G2,p>f,1,0,2018,720547
zh,ao,modal,3,male,G2,p>f,4,1,1450,720547
zh,ao,creaky,0,male,G4,p>f,1,0,1780,720547
zh,ao,creaky,1,male,G4,p>f,2,0,1919,720547
b,ao,modal,15,female,G2,p>f,6,1,3154,720547
b,ao,modal,3,female,G1,p<f,-6,0,1622,720547
b,ao,creaky,12,female,G4,p>f,3,0,1520,720547
b,ao,creaky,5,female,G3,p<f,-4,0,2193,720547
d,ao,modal,13,female,G2,p>f,4,1,4128,720547
d,ao,modal,6,female,G1,p<f,-3,0,1580,720547
d,ao,creaky,15,female,G4,p>f,6,1,3092,720547
d,ao,creaky,7,female,G3,p<f,-2,0,1545,720547
f,a,modal,10,female,G2,p>f,1,0,2072,720547
f,a,modal,14,female,G2,p>f,5,1,2893,720547
f,a,creaky,10,female,G4,p>f,1,0,2798,720547
f,a,creaky,6,female,G3,p<f,-3,0,2253,720547
sh,a,modal,12,female,G2,p>f,3,1,4221,720547
sh,a,modal,5,female,G1,p<f,-4,0,1779,720547
sh,a,creaky,4,female,G3,p<f,-5,0,1730,720547
sh,a,creaky,8,female,G3,p<f,-1,0,1505,720547
z,ao,modal,11,female,G2,p>f,2,0,1647,720547
z,ao,modal,7,female,G1,p<f,-2,0,1546,720547
z,ao,modal,8,female,G1,p<f,-1,0,1743,720547
z,ao,creaky,3,female,G3,p<f,-6,0,5123,720547
zh,ao,modal,4,female,G1,p<f,-5,0,1720,720547
zh,ao,creaky,11,female,G4,p>f,2,0,1498,720547
zh,ao,creaky,13,female,G4,p>f,4,1,2718,720547
zh,ao,creaky,14,female,G4,p>f,5,1,1756,720547
b,ao,modal,-4,male,G1,p<f,-3,0,1522,720547
b,ao,modal,-6,male,G1,p<f,-5,0,1575,720547
b,ao,modal,-7,male,G1,p<f,-6,0,1640,720547
b,ao,creaky,0,male,G4,p>f,1,0,1146,720547
d,ao,modal,3,male,G2,p>f,4,1,1496,720547
d,ao,modal,4,male,G2,p>f,5,1,4259,720547
d,ao,creaky,-3,male,G3,p<f,-2,0,3308,720547
d,ao,creaky,4,male,G4,p>f,5,1,3187,720547
f,a,modal,-5,male,G1,p<f,-4,0,2342,720547
f,a,modal,0,male,G2,p>f,1,0,1756,720547
f,a,modal,2,male,G2,p>f,3,1,2610,720547
f,a,creaky,-5,male,G3,p<f,-4,0,2004,720547
sh,a,creaky,-6,male,G3,p<f,-5,0,1657,720547
sh,a,creaky,-7,male,G3,p<f,-6,0,2072,720547
sh,a,creaky,2,male,G4,p>f,3,1,2056,720547
sh,a,creaky,5,male,G4,p>f,6,1,3162,720547
z,ao,modal,-2,male,G1,p<f,-1,0,1690,720547
z,ao,creaky,-4,male,G3,p<f,-3,0,1443,720547
z,ao,creaky,1,male,G4,p>f,2,0,1877,720547
z,ao,creaky,3,male,G4,p>f,4,0,1978,720547
zh,ao,modal,-3,male,G1,p<f,-2,0,1590,720547
zh,ao,modal,1,male,G2,p>f,2,0,2530,720547
zh,ao,modal,5,male,G2,p>f,6,1,1863,720547
zh,ao,creaky,-2,male,G3,p<f,-1,0,1534,720547
b,ao,modal,10,female,G2,p>f,1,0,1649,720547
b,ao,modal,14,female,G2,p>f,5,1,2376,720547
b,ao,modal,5,female,G1,p<f,-4,0,1692,720547
b,ao,creaky,15,female,G4,p>f,6,1,2437,720547
d,ao,modal,3,female,G1,p<f,-6,0,1867,720547
d,ao,modal,7,female,G1,p<f,-2,0,1754,720547
d,ao,creaky,3,female,G3,p<f,-6,0,1293,720547
d,ao,creaky,8,female,G3,p<f,-1,0,1538,720547
f,a,modal,11,female,G2,p>f,2,0,2437,720547
f,a,creaky,14,female,G4,p>f,5,1,1425,720547
f,a,creaky,4,female,G3,p<f,-5,0,2246,720547
f,a,creaky,7,female,G3,p<f,-2,0,1725,720547
sh,a,modal,6,female,G1,p<f,-3,0,2067,720547
sh,a,modal,8,female,G1,p<f,-1,0,1840,720547
sh,a,creaky,10,female,G4,p>f,1,0,1453,720547
sh,a,creaky,11,female,G4,p>f,2,1,2202,720547
z,ao,modal,12,female,G2,p>f,3,0,2172,720547
z,ao,modal,15,female,G2,p>f,6,1,1472,720547
z,ao,modal,4,female,G1,p<f,-5,0,2127,720547
z,ao,creaky,13,female,G4,p>f,4,0,1580,720547
zh,ao,modal,13,female,G2,p>f,4,1,1712,720547
zh,ao,creaky,12,female,G4,p>f,3,1,4778,720547
zh,ao,creaky,5,female,G3,p<f,-4,0,1784,720547
zh,ao,creaky,6,female,G3,p<f,-3,0,1591,720547
b,ao,modal,0,male,G2,p>f,1,0,1141,720547
b,ao,creaky,-5,male,G3,p<f,-4,0,1874,720547
b,ao,creaky,-6,male,G3,p<f,-5,0,2372,720547
b,ao,creaky,4,male,G4,p>f,5,0,1444,720547
d,ao,modal,-2,male,G1,p<f,-1,0,1798,720547
d,ao,creaky,-2,male,G3,p<f,-1,0,1329,720547
d,ao,creaky,-4,male,G3,p<f,-3,0,1877,720547
d,ao,creaky,5,male,G4,p>f,6,1,5298,720547
f,a,modal,-6,male,G1,p<f,-5,0,1921,720547
f,a,creaky,-7,male,G3,p<f,-6,0,1580,720547
f,a,creaky,0,male,G4,p>f,1,0,2542,720547
f,a,creaky,1,male,G4,p>f,2,1,2161,720547
sh,a,modal,1,male,G2,p>f,2,1,1568,720547
sh,a,modal,2,male,G2,p>f,3,1,1624,720547
sh,a,modal,5,male,G2,p>f,6,1,2165,720547
sh,a,creaky,3,male,G4,p>f,4,1,1871,720547
z,ao,modal,-3,male,G1,p<f,-2,0,2452,720547
z,ao,modal,-4,male,G1,p<f,-3,0,1382,720547
z,ao,modal,3,male,G2,p>f,4,1,1627,720547
z,ao,modal,4,male,G2,p>f,5,1,1689,720547
zh,ao,modal,-5,male,G1,p<f,-4,0,2344,720547
zh,ao,modal,-7,male,G1,p<f,-6,0,2926,720547
zh,ao,creaky,-3,male,G3,p<f,-2,0,1285,720547
zh,ao,creaky,2,male,G4,p>f,3,1,1503,720547
b,ao,modal,4,female,G1,p<f,-5,0,1854,720547
b,ao,modal,6,female,G1,p<f,-3,0,1528,720547
b,ao,creaky,11,female,G4,p>f,2,0,1395,720547
b,ao,creaky,3,female,G3,p<f,-6,0,1672,720547
d,ao,modal,10,female,G2,p>f,1,0,1510,720547
d,ao,modal,12,female,G2,p>f,3,0,4128,720547
d,ao,creaky,13,female,G4,p>f,4,0,2658,720547
d,ao,creaky,4,female,G3,p<f,-5,0,1831,720547
f,a,modal,3,female,G1,p<f,-6,0,2054,720547
f,a,modal,5,female,G1,p<f,-4,0,1760,720547
f,a,modal,8,female,G1,p<f,-1,0,1844,720547
f,a,creaky,8,female,G3,p<f,-1,0,1727,720547
sh,a,modal,13,female,G2,p>f,4,1,1589,720547
sh,a,modal,7,female,G1,p<f,-2,0,1705,720547
sh,a,creaky,14,female,G4,p>f,5,1,2172,720547
sh,a,creaky,15,female,G4,p>f,6,1,1556,720547
z,ao,creaky,10,female,G4,p>f,1,0,1908,720547
z,ao,creaky,12,female,G4,p>f,3,0,1872,720547
z,ao,creaky,5,female,G3,p<f,-4,0,1479,720547
z,ao,creaky,6,female,G3,p<f,-3,0,1579,720547
zh,ao,modal,11,female,G2,p>f,2,0,1677,720547
zh,ao,modal,14,female,G2,p>f,5,1,1638,720547
zh,ao,modal,15,female,G2,p>f,6,1,1377,720547
zh,ao,creaky,7,female,G3,p<f,-2,0,1572,720547
b,ao,modal,2,male,G2,p>f,3,0,1557,720547
b,ao,modal,3,male,G2,p>f,4,1,1889,720547
b,ao,creaky,-7,male,G3,p<f,-6,0,1505,720547
b,ao,creaky,2,male,G4,p>f,3,0,1570,720547
d,ao,modal,-5,male,G1,p<f,-4,0,1639,720547
d,ao,creaky,-5,male,G3,p<f,-4,0,1628,720547
d,ao,creaky,1,male,G4,p>f,2,0,1105,720547
d,ao,creaky,3,male,G4,p>f,4,0,1605,720547
f,a,modal,-3,male,G1,p<f,-2,0,1539,720547
f,a,modal,-7,male,G1,p<f,-6,0,1920,720547
f,a,modal,1,male,G2,p>f,2,1,1630,720547
f,a,creaky,-4,male,G3,p<f,-3,0,1563,720547
sh,a,modal,-4,male,G1,p<f,-3,0,1628,720547
sh,a,modal,0,male,G2,p>f,1,0,1656,720547
sh,a,creaky,-2,male,G3,p<f,-1,0,2116,720547
sh,a,creaky,-3,male,G3,p<f,-2,0,1896,720547
z,ao,modal,-6,male,G1,p<f,-5,0,1813,720547
z,ao,modal,5,male,G2,p>f,6,1,1794,720547
z,ao,creaky,0,male,G4,p>f,1,0,2489,720547
z,ao,creaky,4,male,G4,p>f,5,0,1845,720547
zh,ao,modal,-2,male,G1,p<f,-1,0,1562,720547
zh,ao,modal,4,male,G2,p>f,5,1,1480,720547
zh,ao,creaky,-6,male,G3,p<f,-5,0,1557,720547
zh,ao,creaky,5,male,G4,p>f,6,1,1680,720547
b,ao,modal,7,female,G1,p<f,-2,0,1050,720828
b,ao,creaky,14,female,G4,p>f,5,0,2257,720828
b,ao,creaky,4,female,G3,p<f,-5,0,1101,720828
b,ao,creaky,8,female,G3,p<f,-1,0,1173,720828
d,ao,modal,11,female,G2,p>f,2,0,2081,720828
d,ao,modal,15,female,G2,p>f,6,1,1553,720828
d,ao,modal,5,female,G1,p<f,-4,0,2130,720828
d,ao,creaky,12,female,G4,p>f,3,0,7618,720828
f,a,modal,13,female,G2,p>f,4,1,2498,720828
f,a,modal,4,female,G1,p<f,-5,0,1713,720828
f,a,creaky,13,female,G4,p>f,4,0,2481,720828
f,a,creaky,15,female,G4,p>f,6,1,3111,720828
sh,a,modal,14,female,G2,p>f,5,1,1483,720828
sh,a,modal,3,female,G1,p<f,-6,0,1600,720828
sh,a,creaky,5,female,G3,p<f,-4,0,1179,720828
sh,a,creaky,6,female,G3,p<f,-3,0,1123,720828
z,ao,modal,10,female,G2,p>f,1,0,2034,720828
z,ao,modal,6,female,G1,p<f,-3,0,1897,720828
z,ao,creaky,11,female,G4,p>f,2,0,1980,720828
z,ao,creaky,7,female,G3,p<f,-2,0,1700,720828
zh,ao,modal,12,female,G2,p>f,3,0,8080,720828
zh,ao,modal,8,female,G1,p<f,-1,0,1594,720828
zh,ao,creaky,10,female,G4,p>f,1,0,1773,720828
zh,ao,creaky,3,female,G3,p<f,-6,0,1503,720828
b,ao,modal,-2,male,G1,p<f,-1,0,965,720828
b,ao,modal,-5,male,G1,p<f,-4,0,1748,720828
b,ao,modal,1,male,G2,p>f,2,0,1491,720828
b,ao,modal,5,male,G2,p>f,6,1,2083,720828
d,ao,modal,-4,male,G1,p<f,-3,0,1613,720828
d,ao,modal,0,male,G2,p>f,1,0,1568,720828
d,ao,creaky,-6,male,G3,p<f,-5,0,1328,720828
d,ao,creaky,0,male,G4,p>f,1,0,2667,720828
f,a,modal,3,male,G2,p>f,4,1,1342,720828
f,a,modal,4,male,G2,p>f,5,1,2215,720828
f,a,creaky,-2,male,G3,p<f,-1,0,1178,720828
f,a,creaky,2,male,G4,p>f,3,0,3267,720828
sh,a,modal,-3,male,G1,p<f,-2,0,1416,720828
sh,a,modal,-7,male,G1,p<f,-6,0,1094,720828
sh,a,creaky,1,male,G4,p>f,2,0,12200,720828
sh,a,creaky,4,male,G4,p>f,5,1,3272,720828
z,ao,modal,2,male,G2,p>f,3,0,3053,720828
z,ao,creaky,-3,male,G3,p<f,-2,0,1269,720828
z,ao,creaky,-5,male,G3,p<f,-4,0,1144,720828
z,ao,creaky,5,male,G4,p>f,6,0,1798,720828
zh,ao,modal,-6,male,G1,p<f,-5,0,1537,720828
zh,ao,creaky,-4,male,G3,p<f,-3,0,1531,720828
zh,ao,creaky,-7,male,G3,p<f,-6,0,962,720828
zh,ao,creaky,3,male,G4,p>f,4,1,2035,720828
b,ao,modal,12,female,G2,p>f,3,0,3363,720828
b,ao,creaky,10,female,G4,p>f,1,0,847,720828
b,ao,creaky,13,female,G4,p>f,4,0,1509,720828
b,ao,creaky,6,female,G3,p<f,-3,0,2173,720828
d,ao,modal,14,female,G2,p>f,5,1,2228,720828
d,ao,modal,8,female,G1,p<f,-1,0,1430,720828
d,ao,creaky,11,female,G4,p>f,2,0,993,720828
d,ao,creaky,14,female,G4,p>f,5,0,1140,720828
f,a,modal,15,female,G2,p>f,6,1,2020,720828
f,a,modal,7,female,G1,p<f,-2,0,1616,720828
f,a,creaky,12,female,G4,p>f,3,0,76875,720828
f,a,creaky,5,female,G3,p<f,-4,0,1144,720828
sh,a,modal,11,female,G2,p>f,2,0,1984,720828
sh,a,modal,4,female,G1,p<f,-5,0,1471,720828
sh,a,creaky,3,female,G3,p<f,-6,0,962,720828
sh,a,creaky,7,female,G3,p<f,-2,0,1065,720828
z,ao,modal,13,female,G2,p>f,4,1,3111,720828
z,ao,modal,5,female,G1,p<f,-4,0,2067,720828
z,ao,creaky,15,female,G4,p>f,6,0,4462,720828
z,ao,creaky,8,female,G3,p<f,-1,0,1174,720828
zh,ao,modal,10,female,G2,p>f,1,0,1122,720828
zh,ao,modal,3,female,G1,p<f,-6,0,1517,720828
zh,ao,modal,6,female,G1,p<f,-3,0,1192,720828
zh,ao,creaky,4,female,G3,p<f,-5,0,840,720828
b,ao,modal,4,male,G2,p>f,5,1,1862,720828
b,ao,creaky,-3,male,G3,p<f,-2,0,1362,720828
b,ao,creaky,1,male,G4,p>f,2,0,1065,720828
b,ao,creaky,5,male,G4,p>f,6,0,2294,720828
d,ao,modal,-3,male,G1,p<f,-2,0,1035,720828
d,ao,modal,-6,male,G1,p<f,-5,0,955,720828
d,ao,modal,-7,male,G1,p<f,-6,0,826,720828
d,ao,creaky,2,male,G4,p>f,3,0,968,720828
f,a,modal,-2,male,G1,p<f,-1,0,1216,720828
f,a,modal,5,male,G2,p>f,6,1,1937,720828
f,a,creaky,-6,male,G3,p<f,-5,0,1509,720828
f,a,creaky,3,male,G4,p>f,4,0,1151,720828
sh,a,modal,-5,male,G1,p<f,-4,0,1099,720828
sh,a,modal,3,male,G2,p>f,4,1,3142,720828
sh,a,creaky,-4,male,G3,p<f,-3,0,1064,720828
sh,a,creaky,0,male,G4,p>f,1,0,1901,720828
z,ao,modal,0,male,G2,p>f,1,0,1668,720828
z,ao,modal,1,male,G2,p>f,2,0,1570,720828
z,ao,creaky,-2,male,G3,p<f,-1,0,996,720828
z,ao,creaky,-7,male,G3,p<f,-6,0,1034,720828
zh,ao,modal,-4,male,G1,p<f,-3,0,1550,720828
zh,ao,modal,2,male,G2,p>f,3,0,5451,720828
zh,ao,creaky,-5,male,G3,p<f,-4,0,894,720828
zh,ao,creaky,4,male,G4,p>f,5,0,1119,720828
b,ao,modal,11,female,G2,p>f,2,0,1635,720828
b,ao,modal,13,female,G2,p>f,4,0,2370,720828
b,ao,modal,8,female,G1,p<f,-1,0,1298,720828
b,ao,creaky,7,female,G3,p<f,-2,0,941,720828
d,ao,modal,4,female,G1,p<f,-5,0,2846,720828
d,ao,creaky,10,female,G4,p>f,1,0,1162,720828
d,ao,creaky,5,female,G3,p<f,-4,0,1102,720828
d,ao,creaky,6,female,G3,p<f,-3,0,922,720828
f,a,modal,12,female,G2,p>f,3,0,1881,720828
f,a,modal,6,female,G1,p<f,-3,0,1701,720828
f,a,creaky,11,female,G4,p>f,2,0,1507,720828
f,a,creaky,3,female,G3,p<f,-6,0,1258,720828
sh,a,modal,10,female,G2,p>f,1,0,1427,720828
sh,a,modal,15,female,G2,p>f,6,1,1902,720828
sh,a,creaky,12,female,G4,p>f,3,1,5226,720828
sh,a,creaky,13,female,G4,p>f,4,1,3533,720828
z,ao,modal,14,female,G2,p>f,5,1,5863,720828
z,ao,modal,3,female,G1,p<f,-6,0,1733,720828
z,ao,creaky,14,female,G4,p>f,5,1,6792,720828
z,ao,creaky,4,female,G3,p<f,-5,0,1715,720828
zh,ao,modal,5,female,G1,p<f,-4,0,909,720828
zh,ao,modal,7,female,G1,p<f,-2,0,965,720828
zh,ao,creaky,15,female,G4,p>f,6,1,1801,720828
zh,ao,creaky,8,female,G3,p<f,-1,0,971,720828
b,ao,modal,-3,male,G1,p<f,-2,0,1115,720828
b,ao,creaky,-2,male,G3,p<f,-1,0,1044,720828
b,ao,creaky,-4,male,G3,p<f,-3,0,1474,720828
b,ao,creaky,3,male,G4,p>f,4,0,2565,720828
d,ao,modal,1,male,G2,p>f,2,0,1708,720828
d,ao,modal,2,male,G2,p>f,3,0,2201,720828
d,ao,modal,5,male,G2,p>f,6,1,1591,720828
d,ao,creaky,-7,male,G3,p<f,-6,0,1281,720828
f,a,modal,-4,male,G1,p<f,-3,0,1001,720828
f,a,creaky,-3,male,G3,p<f,-2,0,1123,720828
f,a,creaky,4,male,G4,p>f,5,0,1113,720828
f,a,creaky,5,male,G4,p>f,6,1,3561,720828
sh,a,modal,-2,male,G1,p<f,-1,0,1564,720828
sh,a,modal,-6,male,G1,p<f,-5,0,1391,720828
sh,a,modal,4,male,G2,p>f,5,1,2087,720828
sh,a,creaky,-5,male,G3,p<f,-4,0,1505,720828
z,ao,modal,-5,male,G1,p<f,-4,0,930,720828
z,ao,modal,-7,male,G1,p<f,-6,0,1399,720828
z,ao,creaky,-6,male,G3,p<f,-5,0,1550,720828
z,ao,creaky,2,male,G4,p>f,3,0,1929,720828
zh,ao,modal,0,male,G2,p>f,1,0,3443,720828
zh,ao,modal,3,male,G2,p>f,4,1,7051,720828
zh,ao,creaky,0,male,G4,p>f,1,0,10063,720828
zh,ao,creaky,1,male,G4,p>f,2,0,5088,720828
b,ao,modal,15,female,G2,p>f,6,1,1810,720828
b,ao,modal,3,female,G1,p<f,-6,0,2919,720828
b,ao,creaky,12,female,G4,p>f,3,0,1284,720828
b,ao,creaky,5,female,G3,p<f,-4,0,867,720828
d,ao,modal,13,female,G2,p>f,4,1,10043,720828
d,ao,modal,6,female,G1,p<f,-3,0,1644,720828
d,ao,creaky,15,female,G4,p>f,6,0,1104,720828
d,ao,creaky,7,female,G3,p<f,-2,0,1073,720828
f,a,modal,10,female,G2,p>f,1,0,1684,720828
f,a,modal,14,female,G2,p>f,5,1,1800,720828
f,a,creaky,10,female,G4,p>f,1,0,1580,720828
f,a,creaky,6,female,G3,p<f,-3,0,997,720828
sh,a,modal,12,female,G2,p>f,3,0,2346,720828
sh,a,modal,5,female,G1,p<f,-4,0,1794,720828
sh,a,creaky,4,female,G3,p<f,-5,0,1535,720828
sh,a,creaky,8,female,G3,p<f,-1,0,1233,720828
z,ao,modal,11,female,G2,p>f,2,0,1446,720828
z,ao,modal,7,female,G1,p<f,-2,0,1325,720828
z,ao,modal,8,female,G1,p<f,-1,0,1157,720828
z,ao,creaky,3,female,G3,p<f,-6,0,1228,720828
zh,ao,modal,4,female,G1,p<f,-5,0,1627,720828
zh,ao,creaky,11,female,G4,p>f,2,0,1934,720828
zh,ao,creaky,13,female,G4,p>f,4,0,4365,720828
zh,ao,creaky,14,female,G4,p>f,5,1,2084,720828
b,ao,modal,-4,male,G1,p<f,-3,0,1149,720828
b,ao,modal,-6,male,G1,p<f,-5,0,1181,720828
b,ao,modal,-7,male,G1,p<f,-6,0,1446,720828
b,ao,creaky,0,male,G4,p>f,1,0,1584,720828
d,ao,modal,3,male,G2,p>f,4,1,2103,720828
d,ao,modal,4,male,G2,p>f,5,1,1761,720828
d,ao,creaky,-3,male,G3,p<f,-2,0,1456,720828
d,ao,creaky,4,male,G4,p>f,5,0,1093,720828
f,a,modal,-5,male,G1,p<f,-4,0,986,720828
f,a,modal,0,male,G2,p>f,1,0,1133,720828
f,a,modal,2,male,G2,p>f,3,1,2967,720828
f,a,creaky,-5,male,G3,p<f,-4,0,1209,720828
sh,a,creaky,-6,male,G3,p<f,-5,0,1359,720828
sh,a,creaky,-7,male,G3,p<f,-6,0,1401,720828
sh,a,creaky,2,male,G4,p>f,3,1,5708,720828
sh,a,creaky,5,male,G4,p>f,6,1,2611,720828
z,ao,modal,-2,male,G1,p<f,-1,0,1067,720828
z,ao,creaky,-4,male,G3,p<f,-3,0,1459,720828
z,ao,creaky,1,male,G4,p>f,2,0,1020,720828
z,ao,creaky,3,male,G4,p>f,4,0,1048,720828
zh,ao,modal,-3,male,G1,p<f,-2,0,1092,720828
zh,ao,modal,1,male,G2,p>f,2,0,1780,720828
zh,ao,modal,5,male,G2,p>f,6,1,1760,720828
zh,ao,creaky,-2,male,G3,p<f,-1,0,1142,720828
b,ao,modal,10,female,G2,p>f,1,0,1893,720828
b,ao,modal,14,female,G2,p>f,5,1,1922,720828
b,ao,modal,5,female,G1,p<f,-4,0,2883,720828
b,ao,creaky,15,female,G4,p>f,6,1,2190,720828
d,ao,modal,3,female,G1,p<f,-6,0,1661,720828
d,ao,modal,7,female,G1,p<f,-2,0,1699,720828
d,ao,creaky,3,female,G3,p<f,-6,0,1287,720828
d,ao,creaky,8,female,G3,p<f,-1,0,1456,720828
f,a,modal,11,female,G2,p>f,2,0,1652,720828
f,a,creaky,14,female,G4,p>f,5,1,1906,720828
f,a,creaky,4,female,G3,p<f,-5,0,1489,720828
f,a,creaky,7,female,G3,p<f,-2,0,1493,720828
sh,a,modal,6,female,G1,p<f,-3,0,1529,720828
sh,a,modal,8,female,G1,p<f,-1,0,1532,720828
sh,a,creaky,10,female,G4,p>f,1,0,1318,720828
sh,a,creaky,11,female,G4,p>f,2,0,2536,720828
z,ao,modal,12,female,G2,p>f,3,0,1715,720828
z,ao,modal,15,female,G2,p>f,6,1,1821,720828
z,ao,modal,4,female,G1,p<f,-5,0,2788,720828
z,ao,creaky,13,female,G4,p>f,4,0,2560,720828
zh,ao,modal,13,female,G2,p>f,4,1,2194,720828
zh,ao,creaky,12,female,G4,p>f,3,1,9558,720828
zh,ao,creaky,5,female,G3,p<f,-4,0,1293,720828
zh,ao,creaky,6,female,G3,p<f,-3,0,1485,720828
b,ao,modal,0,male,G2,p>f,1,0,1444,720828
b,ao,creaky,-5,male,G3,p<f,-4,0,1436,720828
b,ao,creaky,-6,male,G3,p<f,-5,0,1215,720828
b,ao,creaky,4,male,G4,p>f,5,0,6173,720828
d,ao,modal,-2,male,G1,p<f,-1,0,1304,720828
d,ao,creaky,-2,male,G3,p<f,-1,0,1906,720828
d,ao,creaky,-4,male,G3,p<f,-3,0,1124,720828
d,ao,creaky,5,male,G4,p>f,6,0,1084,720828
f,a,modal,-6,male,G1,p<f,-5,0,1404,720828
f,a,creaky,-7,male,G3,p<f,-6,0,1804,720828
f,a,creaky,0,male,G4,p>f,1,0,1429,720828
f,a,creaky,1,male,G4,p>f,2,1,11433,720828
sh,a,modal,1,male,G2,p>f,2,0,3720,720828
sh,a,modal,2,male,G2,p>f,3,1,4156,720828
sh,a,modal,5,male,G2,p>f,6,1,1971,720828
sh,a,creaky,3,male,G4,p>f,4,1,1924,720828
z,ao,modal,-3,male,G1,p<f,-2,0,1184,720828
z,ao,modal,-4,male,G1,p<f,-3,0,1492,720828
z,ao,modal,3,male,G2,p>f,4,1,10576,720828
z,ao,modal,4,male,G2,p>f,5,1,5028,720828
zh,ao,modal,-5,male,G1,p<f,-4,0,1309,720828
zh,ao,modal,-7,male,G1,p<f,-6,0,1627,720828
zh,ao,creaky,-3,male,G3,p<f,-2,0,1817,720828
zh,ao,creaky,2,male,G4,p>f,3,1,4355,720828
b,ao,modal,4,female,G1,p<f,-5,0,1637,720828
b,ao,modal,6,female,G1,p<f,-3,0,1155,720828
b,ao,creaky,11,female,G4,p>f,2,0,3158,720828
b,ao,creaky,3,female,G3,p<f,-6,0,1594,720828
d,ao,modal,10,female,G2,p>f,1,0,2194,720828
d,ao,modal,12,female,G2,p>f,3,0,2017,720828
d,ao,creaky,13,female,G4,p>f,4,0,2627,720828
d,ao,creaky,4,female,G3,p<f,-5,0,1321,720828
f,a,modal,3,female,G1,p<f,-6,0,1672,720828
f,a,modal,5,female,G1,p<f,-4,0,1954,720828
f,a,modal,8,female,G1,p<f,-1,0,1678,720828
f,a,creaky,8,female,G3,p<f,-1,0,1494,720828
sh,a,modal,13,female,G2,p>f,4,1,2844,720828
sh,a,modal,7,female,G1,p<f,-2,0,1302,720828
sh,a,creaky,14,female,G4,p>f,5,1,2052,720828
sh,a,creaky,15,female,G4,p>f,6,1,1745,720828
z,ao,creaky,10,female,G4,p>f,1,0,1329,720828
z,ao,creaky,12,female,G4,p>f,3,0,8066,720828
z,ao,creaky,5,female,G3,p<f,-4,0,1354,720828
z,ao,creaky,6,female,G3,p<f,-3,0,1216,720828
zh,ao,modal,11,female,G2,p>f,2,0,1832,720828
zh,ao,modal,14,female,G2,p>f,5,1,2110,720828
zh,ao,modal,15,female,G2,p>f,6,1,1850,720828
zh,ao,creaky,7,female,G3,p<f,-2,0,1202,720828
b,ao,modal,2,male,G2,p>f,3,1,4820,720828
b,ao,modal,3,male,G2,p>f,4,1,1965,720828
b,ao,creaky,-7,male,G3,p<f,-6,0,1354,720828
b,ao,creaky,2,male,G4,p>f,3,0,1373,720828
d,ao,modal,-5,male,G1,p<f,-4,0,1846,720828
d,ao,creaky,-5,male,G3,p<f,-4,0,1323,720828
d,ao,creaky,1,male,G4,p>f,2,1,8563,720828
d,ao,creaky,3,male,G4,p>f,4,1,7228,720828
f,a,modal,-3,male,G1,p<f,-2,0,1061,720828
f,a,modal,-7,male,G1,p<f,-6,0,1381,720828
f,a,modal,1,male,G2,p>f,2,0,2134,720828
f,a,creaky,-4,male,G3,p<f,-3,0,1358,720828
sh,a,modal,-4,male,G1,p<f,-3,0,1288,720828
sh,a,modal,0,male,G2,p>f,1,0,1778,720828
sh,a,creaky,-2,male,G3,p<f,-1,0,1385,720828
sh,a,creaky,-3,male,G3,p<f,-2,0,2304,720828
z,ao,modal,-6,male,G1,p<f,-5,0,1647,720828
z,ao,modal,5,male,G2,p>f,6,1,2328,720828
z,ao,creaky,0,male,G4,p>f,1,0,1679,720828
z,ao,creaky,4,male,G4,p>f,5,0,1370,720828
zh,ao,modal,-2,male,G1,p<f,-1,0,1189,720828
zh,ao,modal,4,male,G2,p>f,5,1,2010,720828
zh,ao,creaky,-6,male,G3,p<f,-5,0,1327,720828
zh,ao,creaky,5,male,G4,p>f,6,1,2047,720828
b,ao,modal,7,female,G1,p<f,-2,0,1668,723496
b,ao,creaky,14,female,G4,p>f,5,1,1577,723496
b,ao,creaky,4,female,G3,p<f,-5,0,1266,723496
b,ao,creaky,8,female,G3,p<f,-1,0,1266,723496
d,ao,modal,11,female,G2,p>f,2,0,1607,723496
d,ao,modal,15,female,G2,p>f,6,1,1820,723496
d,ao,modal,5,female,G1,p<f,-4,0,1512,723496
d,ao,creaky,12,female,G4,p>f,3,0,1999,723496
f,a,modal,13,female,G2,p>f,4,1,1137,723496
f,a,modal,4,female,G1,p<f,-5,0,1536,723496
f,a,creaky,13,female,G4,p>f,4,1,1227,723496
f,a,creaky,15,female,G4,p>f,6,1,1255,723496
sh,a,modal,14,female,G2,p>f,5,1,1126,723496
sh,a,modal,3,female,G1,p<f,-6,0,1785,723496
sh,a,creaky,5,female,G3,p<f,-4,0,1728,723496
sh,a,creaky,6,female,G3,p<f,-3,0,1554,723496
z,ao,modal,10,female,G2,p>f,1,0,1592,723496
z,ao,modal,6,female,G1,p<f,-3,0,2587,723496
z,ao,creaky,11,female,G4,p>f,2,0,1571,723496
z,ao,creaky,7,female,G3,p<f,-2,0,1425,723496
zh,ao,modal,12,female,G2,p>f,3,0,1899,723496
zh,ao,modal,8,female,G1,p<f,-1,0,1316,723496
zh,ao,creaky,10,female,G4,p>f,1,0,1751,723496
zh,ao,creaky,3,female,G3,p<f,-6,0,2010,723496
b,ao,modal,-2,male,G1,p<f,-1,0,1996,723496
b,ao,modal,-5,male,G1,p<f,-4,0,1242,723496
b,ao,modal,1,male,G2,p>f,2,0,1496,723496
b,ao,modal,5,male,G2,p>f,6,1,1151,723496
d,ao,modal,-4,male,G1,p<f,-3,0,1354,723496
d,ao,modal,0,male,G2,p>f,1,0,1769,723496
d,ao,creaky,-6,male,G3,p<f,-5,0,1496,723496
d,ao,creaky,0,male,G4,p>f,1,0,1306,723496
f,a,modal,3,male,G2,p>f,4,1,1236,723496
f,a,modal,4,male,G2,p>f,5,1,1309,723496
f,a,creaky,-2,male,G3,p<f,-1,0,1067,723496
f,a,creaky,2,male,G4,p>f,3,0,1660,723496
sh,a,modal,-3,male,G1,p<f,-2,0,2226,723496
sh,a,modal,-7,male,G1,p<f,-6,0,1427,723496
sh,a,creaky,1,male,G4,p>f,2,0,1431,723496
sh,a,creaky,4,male,G4,p>f,5,1,1610,723496
z,ao,modal,2,male,G2,p>f,3,0,2606,723496
z,ao,creaky,-3,male,G3,p<f,-2,0,1392,723496
z,ao,creaky,-5,male,G3,p<f,-4,0,1201,723496
z,ao,creaky,5,male,G4,p>f,6,1,1802,723496
zh,ao,modal,-6,male,G1,p<f,-5,0,1626,723496
zh,ao,creaky,-4,male,G3,p<f,-3,0,1421,723496
zh,ao,creaky,-7,male,G3,p<f,-6,0,1240,723496
zh,ao,creaky,3,male,G4,p>f,4,1,1524,723496
b,ao,modal,12,female,G2,p>f,3,0,1967,723496
b,ao,creaky,10,female,G4,p>f,1,0,1805,723496
b,ao,creaky,13,female,G4,p>f,4,1,1939,723496
b,ao,creaky,6,female,G3,p<f,-3,0,1352,723496
d,ao,modal,14,female,G2,p>f,5,1,1830,723496
d,ao,modal,8,female,G1,p<f,-1,0,1197,723496
d,ao,creaky,11,female,G4,p>f,2,0,1566,723496
d,ao,creaky,14,female,G4,p>f,5,1,1712,723496
f,a,modal,15,female,G2,p>f,6,1,1149,723496
f,a,modal,7,female,G1,p<f,-2,0,1585,723496
f,a,creaky,12,female,G4,p>f,3,1,2295,723496
f,a,creaky,5,female,G3,p<f,-4,0,1793,723496
sh,a,modal,11,female,G2,p>f,2,0,1998,723496
sh,a,modal,4,female,G1,p<f,-5,0,1706,723496
sh,a,creaky,3,female,G3,p<f,-6,0,1720,723496
sh,a,creaky,7,female,G3,p<f,-2,0,1610,723496
z,ao,modal,13,female,G2,p>f,4,1,2257,723496
z,ao,modal,5,female,G1,p<f,-4,0,2074,723496
z,ao,creaky,15,female,G4,p>f,6,1,1600,723496
z,ao,creaky,8,female,G3,p<f,-1,0,1501,723496
zh,ao,modal,10,female,G2,p>f,1,0,1552,723496
zh,ao,modal,3,female,G1,p<f,-6,0,1688,723496
zh,ao,modal,6,female,G1,p<f,-3,0,1682,723496
zh,ao,creaky,4,female,G3,p<f,-5,0,1652,723496
b,ao,modal,4,male,G2,p>f,5,1,1376,723496
b,ao,creaky,-3,male,G3,p<f,-2,0,1867,723496
b,ao,creaky,1,male,G4,p>f,2,0,1416,723496
b,ao,creaky,5,male,G4,p>f,6,1,1591,723496
d,ao,modal,-3,male,G1,p<f,-2,0,1449,723496
d,ao,modal,-6,male,G1,p<f,-5,0,1561,723496
d,ao,modal,-7,male,G1,p<f,-6,0,2056,723496
d,ao,creaky,2,male,G4,p>f,3,0,2864,723496
f,a,modal,-2,male,G1,p<f,-1,0,1455,723496
f,a,modal,5,male,G2,p>f,6,1,2498,723496
f,a,creaky,-6,male,G3,p<f,-5,0,1864,723496
f,a,creaky,3,male,G4,p>f,4,1,2664,723496
sh,a,modal,-5,male,G1,p<f,-4,0,1462,723496
sh,a,modal,3,male,G2,p>f,4,1,1787,723496
sh,a,creaky,-4,male,G3,p<f,-3,0,1371,723496
sh,a,creaky,0,male,G4,p>f,1,0,1937,723496
z,ao,modal,0,male,G2,p>f,1,0,1726,723496
z,ao,modal,1,male,G2,p>f,2,0,1381,723496
z,ao,creaky,-2,male,G3,p<f,-1,0,1118,723496
z,ao,creaky,-7,male,G3,p<f,-6,0,1061,723496
zh,ao,modal,-4,male,G1,p<f,-3,0,1406,723496
zh,ao,modal,2,male,G2,p>f,3,0,1900,723496
zh,ao,creaky,-5,male,G3,p<f,-4,0,1569,723496
zh,ao,creaky,4,male,G4,p>f,5,1,1586,723496
b,ao,modal,11,female,G2,p>f,2,0,1397,723496
b,ao,modal,13,female,G2,p>f,4,0,1970,723496
b,ao,modal,8,female,G1,p<f,-1,0,1263,723496
b,ao,creaky,7,female,G3,p<f,-2,0,1199,723496
d,ao,modal,4,female,G1,p<f,-5,0,1536,723496
d,ao,creaky,10,female,G4,p>f,1,0,1730,723496
d,ao,creaky,5,female,G3,p<f,-4,0,1209,723496
d,ao,creaky,6,female,G3,p<f,-3,0,1083,723496
f,a,modal,12,female,G2,p>f,3,0,1709,723496
f,a,modal,6,female,G1,p<f,-3,0,1678,723496
f,a,creaky,11,female,G4,p>f,2,1,1790,723496
f,a,creaky,3,female,G3,p<f,-6,0,1389,723496
sh,a,modal,10,female,G2,p>f,1,0,1359,723496
sh,a,modal,15,female,G2,p>f,6,1,928,723496
sh,a,creaky,12,female,G4,p>f,3,1,2223,723496
sh,a,creaky,13,female,G4,p>f,4,1,1670,723496
z,ao,modal,14,female,G2,p>f,5,1,1408,723496
z,ao,modal,3,female,G1,p<f,-6,0,1485,723496
z,ao,creaky,14,female,G4,p>f,5,1,1136,723496
z,ao,creaky,4,female,G3,p<f,-5,0,1226,723496
zh,ao,modal,5,female,G1,p<f,-4,0,1255,723496
zh,ao,modal,7,female,G1,p<f,-2,0,1616,723496
zh,ao,creaky,15,female,G4,p>f,6,1,1518,723496
zh,ao,creaky,8,female,G3,p<f,-1,0,1018,723496
b,ao,modal,-3,male,G1,p<f,-2,0,1014,723496
b,ao,creaky,-2,male,G3,p<f,-1,0,1588,723496
b,ao,creaky,-4,male,G3,p<f,-3,0,1089,723496
b,ao,creaky,3,male,G4,p>f,4,0,1643,723496
d,ao,modal,1,male,G2,p>f,2,0,1703,723496
d,ao,modal,2,male,G2,p>f,3,0,1260,723496
d,ao,modal,5,male,G2,p>f,6,1,1121,723496
d,ao,creaky,-7,male,G3,p<f,-6,0,1356,723496
f,a,modal,-4,male,G1,p<f,-3,0,1371,723496
f,a,creaky,-3,male,G3,p<f,-2,0,2117,723496
f,a,creaky,4,male,G4,p>f,5,1,1574,723496
f,a,creaky,5,male,G4,p>f,6,1,2159,723496
sh,a,modal,-2,male,G1,p<f,-1,0,1285,723496
sh,a,modal,-6,male,G1,p<f,-5,0,1312,723496
sh,a,modal,4,male,G2,p>f,5,1,1107,723496
sh,a,creaky,-5,male,G3,p<f,-4,0,1124,723496
z,ao,modal,-5,male,G1,p<f,-4,0,1591,723496
z,ao,modal,-7,male,G1,p<f,-6,0,1216,723496
z,ao,creaky,-6,male,G3,p<f,-5,0,1395,723496
z,ao,creaky,2,male,G4,p>f,3,0,1452,723496
zh,ao,modal,0,male,G2,p>f,1,0,2141,723496
zh,ao,modal,3,male,G2,p>f,4,0,2493,723496
zh,ao,creaky,0,male,G4,p>f,1,0,1298,723496
zh,ao,creaky,1,male,G4,p>f,2,0,1061,723496
b,ao,modal,15,female,G2,p>f,6,1,1343,723496
b,ao,modal,3,female,G1,p<f,-6,0,1219,723496
b,ao,creaky,12,female,G4,p>f,3,1,1901,723496
b,ao,creaky,5,female,G3,p<f,-4,0,2665,723496
d,ao,modal,13,female,G2,p>f,4,0,1633,723496
d,ao,modal,6,female,G1,p<f,-3,0,1507,723496
d,ao,creaky,15,female,G4,p>f,6,1,1218,723496
d,ao,creaky,7,female,G3,p<f,-2,0,1962,723496
f,a,modal,10,female,G2,p>f,1,0,1524,723496
f,a,modal,14,female,G2,p>f,5,1,1266,723496
f,a,creaky,10,female,G4,p>f,1,0,1339,723496
f,a,creaky,6,female,G3,p<f,-3,0,1514,723496
sh,a,modal,12,female,G2,p>f,3,0,1862,723496
sh,a,modal,5,female,G1,p<f,-4,0,2037,723496
sh,a,creaky,4,female,G3,p<f,-5,0,1273,723496
sh,a,creaky,8,female,G3,p<f,-1,0,1398,723496
z,ao,modal,11,female,G2,p>f,2,0,3176,723496
z,ao,modal,7,female,G1,p<f,-2,0,1836,723496
z,ao,modal,8,female,G1,p<f,-1,0,1479,723496
z,ao,creaky,3,female,G3,p<f,-6,0,1223,723496
zh,ao,modal,4,female,G1,p<f,-5,0,1546,723496
zh,ao,creaky,11,female,G4,p>f,2,0,1415,723496
zh,ao,creaky,13,female,G4,p>f,4,1,1276,723496
zh,ao,creaky,14,female,G4,p>f,5,1,1306,723496
b,ao,modal,-4,male,G1,p<f,-3,0,1018,723496
b,ao,modal,-6,male,G1,p<f,-5,0,1136,723496
b,ao,modal,-7,male,G1,p<f,-6,0,1121,723496
b,ao,creaky,0,male,G4,p>f,1,0,1438,723496
d,ao,modal,3,male,G2,p>f,4,0,3870,723496
d,ao,modal,4,male,G2,p>f,5,1,1544,723496
d,ao,creaky,-3,male,G3,p<f,-2,0,2269,723496
d,ao,creaky,4,male,G4,p>f,5,1,1477,723496
f,a,modal,-5,male,G1,p<f,-4,0,1091,723496
f,a,modal,0,male,G2,p>f,1,0,1367,723496
f,a,modal,2,male,G2,p>f,3,0,1422,723496
f,a,creaky,-5,male,G3,p<f,-4,0,1214,723496
sh,a,creaky,-6,male,G3,p<f,-5,0,1726,723496
sh,a,creaky,-7,male,G3,p<f,-6,0,1157,723496
sh,a,creaky,2,male,G4,p>f,3,0,1891,723496
sh,a,creaky,5,male,G4,p>f,6,1,1484,723496
z,ao,modal,-2,male,G1,p<f,-1,0,1190,723496
z,ao,creaky,-4,male,G3,p<f,-3,0,1143,723496
z,ao,creaky,1,male,G4,p>f,2,0,1512,723496
z,ao,creaky,3,male,G4,p>f,4,0,2248,723496
zh,ao,modal,-3,male,G1,p<f,-2,0,1634,723496
zh,ao,modal,1,male,G2,p>f,2,0,1282,723496
zh,ao,modal,5,male,G2,p>f,6,1,1402,723496
zh,ao,creaky,-2,male,G3,p<f,-1,0,1299,723496
b,ao,modal,10,female,G2,p>f,1,0,1159,723496
b,ao,modal,14,female,G2,p>f,5,1,1219,723496
b,ao,modal,5,female,G1,p<f,-4,1,2870,723496
b,ao,creaky,15,female,G4,p>f,6,1,993,723496
d,ao,modal,3,female,G1,p<f,-6,0,1401,723496
d,ao,modal,7,female,G1,p<f,-2,0,1141,723496
d,ao,creaky,3,female,G3,p<f,-6,0,1407,723496
d,ao,creaky,8,female,G3,p<f,-1,0,1479,723496
f,a,modal,11,female,G2,p>f,2,0,1383,723496
f,a,creaky,14,female,G4,p>f,5,1,1222,723496
f,a,creaky,4,female,G3,p<f,-5,0,1446,723496
f,a,creaky,7,female,G3,p<f,-2,0,1450,723496
sh,a,modal,6,female,G1,p<f,-3,0,1717,723496
sh,a,modal,8,female,G1,p<f,-1,0,1544,723496
sh,a,creaky,10,female,G4,p>f,1,0,1974,723496
sh,a,creaky,11,female,G4,p>f,2,0,1930,723496
z,ao,modal,12,female,G2,p>f,3,0,1851,723496
z,ao,modal,15,female,G2,p>f,6,1,1609,723496
z,ao,modal,4,female,G1,p<f,-5,0,1582,723496
z,ao,creaky,13,female,G4,p>f,4,1,1224,723496
zh,ao,modal,13,female,G2,p>f,4,1,1253,723496
zh,ao,creaky,12,female,G4,p>f,3,0,2057,723496
zh,ao,creaky,5,female,G3,p<f,-4,0,1283,723496
zh,ao,creaky,6,female,G3,p<f,-3,0,1499,723496
b,ao,modal,0,male,G2,p>f,1,0,1458,723496
b,ao,creaky,-5,male,G3,p<f,-4,0,1134,723496
b,ao,creaky,-6,male,G3,p<f,-5,0,1271,723496
b,ao,creaky,4,male,G4,p>f,5,1,1739,723496
d,ao,modal,-2,male,G1,p<f,-1,0,1707,723496
d,ao,creaky,-2,male,G3,p<f,-1,0,1428,723496
d,ao,creaky,-4,male,G3,p<f,-3,0,1249,723496
d,ao,creaky,5,male,G4,p>f,6,1,1626,723496
f,a,modal,-6,male,G1,p<f,-5,0,1298,723496
f,a,creaky,-7,male,G3,p<f,-6,0,1859,723496
f,a,creaky,0,male,G4,p>f,1,0,1242,723496
f,a,creaky,1,male,G4,p>f,2,0,2232,723496
sh,a,modal,1,male,G2,p>f,2,0,1708,723496
sh,a,modal,2,male,G2,p>f,3,0,1761,723496
sh,a,modal,5,male,G2,p>f,6,1,1666,723496
sh,a,creaky,3,male,G4,p>f,4,1,1761,723496
z,ao,modal,-3,male,G1,p<f,-2,0,1540,723496
z,ao,modal,-4,male,G1,p<f,-3,0,1057,723496
z,ao,modal,3,male,G2,p>f,4,0,2475,723496
z,ao,modal,4,male,G2,p>f,5,1,1349,723496
zh,ao,modal,-5,male,G1,p<f,-4,0,953,723496
zh,ao,modal,-7,male,G1,p<f,-6,0,1412,723496
zh,ao,creaky,-3,male,G3,p<f,-2,0,1389,723496
zh,ao,creaky,2,male,G4,p>f,3,1,2198,723496
b,ao,modal,4,female,G1,p<f,-5,0,1109,723496
b,ao,modal,6,female,G1,p<f,-3,0,1248,723496
b,ao,creaky,11,female,G4,p>f,2,0,1618,723496
b,ao,creaky,3,female,G3,p<f,-6,0,1136,723496
d,ao,modal,10,female,G2,p>f,1,0,1784,723496
d,ao,modal,12,female,G2,p>f,3,0,2285,723496
d,ao,creaky,13,female,G4,p>f,4,1,1205,723496
d,ao,creaky,4,female,G3,p<f,-5,0,1368,723496
f,a,modal,3,female,G1,p<f,-6,0,1233,723496
f,a,modal,5,female,G1,p<f,-4,0,1623,723496
f,a,modal,8,female,G1,p<f,-1,0,1663,723496
f,a,creaky,8,female,G3,p<f,-1,0,1521,723496
sh,a,modal,13,female,G2,p>f,4,1,1290,723496
sh,a,modal,7,female,G1,p<f,-2,0,1294,723496
sh,a,creaky,14,female,G4,p>f,5,1,1181,723496
sh,a,creaky,15,female,G4,p>f,6,1,1097,723496
z,ao,creaky,10,female,G4,p>f,1,0,1299,723496
z,ao,creaky,12,female,G4,p>f,3,1,1322,723496
z,ao,creaky,5,female,G3,p<f,-4,0,1244,723496
z,ao,creaky,6,female,G3,p<f,-3,0,1391,723496
zh,ao,modal,11,female,G2,p>f,2,0,1432,723496
zh,ao,modal,14,female,G2,p>f,5,1,1790,723496
zh,ao,modal,15,female,G2,p>f,6,1,1623,723496
zh,ao,creaky,7,female,G3,p<f,-2,0,1447,723496
b,ao,modal,2,male,G2,p>f,3,0,1888,723496
b,ao,modal,3,male,G2,p>f,4,0,2803,723496
b,ao,creaky,-7,male,G3,p<f,-6,0,1170,723496
b,ao,creaky,2,male,G4,p>f,3,0,2063,723496
d,ao,modal,-5,male,G1,p<f,-4,0,1304,723496
d,ao,creaky,-5,male,G3,p<f,-4,0,1371,723496
d,ao,creaky,1,male,G4,p>f,2,1,1778,723496
d,ao,creaky,3,male,G4,p>f,4,1,1550,723496
f,a,modal,-3,male,G1,p<f,-2,0,1141,723496
f,a,modal,-7,male,G1,p<f,-6,0,1214,723496
f,a,modal,1,male,G2,p>f,2,0,1950,723496
f,a,creaky,-4,male,G3,p<f,-3,0,1997,723496
sh,a,modal,-4,male,G1,p<f,-3,0,1334,723496
sh,a,modal,0,male,G2,p>f,1,0,1557,723496
sh,a,creaky,-2,male,G3,p<f,-1,0,1238,723496
sh,a,creaky,-3,male,G3,p<f,-2,0,1078,723496
z,ao,modal,-6,male,G1,p<f,-5,0,1135,723496
z,ao,modal,5,male,G2,p>f,6,1,1259,723496
z,ao,creaky,0,male,G4,p>f,1,0,3042,723496
z,ao,creaky,4,male,G4,p>f,5,1,1703,723496
zh,ao,modal,-2,male,G1,p<f,-1,0,1306,723496
zh,ao,modal,4,male,G2,p>f,5,1,1418,723496
zh,ao,creaky,-6,male,G3,p<f,-5,0,1049,723496
zh,ao,creaky,5,male,G4,p>f,6,1,1599,723496
b,ao,modal,7,female,G1,p<f,-2,1,886,725115
b,ao,creaky,14,female,G4,p>f,5,1,1023,725115
b,ao,creaky,4,female,G3,p<f,-5,0,1258,725115
b,ao,creaky,8,female,G3,p<f,-1,0,1280,725115
d,ao,modal,11,female,G2,p>f,2,0,1506,725115
d,ao,modal,15,female,G2,p>f,6,1,1567,725115
d,ao,modal,5,female,G1,p<f,-4,0,1583,725115
d,ao,creaky,12,female,G4,p>f,3,0,1588,725115
f,a,modal,13,female,G2,p>f,4,1,1481,725115
f,a,modal,4,female,G1,p<f,-5,0,2055,725115
f,a,creaky,13,female,G4,p>f,4,1,1007,725115
f,a,creaky,15,female,G4,p>f,6,1,1165,725115
sh,a,modal,14,female,G2,p>f,5,1,1047,725115
sh,a,modal,3,female,G1,p<f,-6,0,2394,725115
sh,a,creaky,5,female,G3,p<f,-4,0,1200,725115
sh,a,creaky,6,female,G3,p<f,-3,0,1903,725115
z,ao,modal,10,female,G2,p>f,1,0,1706,725115
z,ao,modal,6,female,G1,p<f,-3,0,2808,725115
z,ao,creaky,11,female,G4,p>f,2,0,1886,725115
z,ao,creaky,7,female,G3,p<f,-2,0,1497,725115
zh,ao,modal,12,female,G2,p>f,3,0,2202,725115
zh,ao,modal,8,female,G1,p<f,-1,0,1547,725115
zh,ao,creaky,10,female,G4,p>f,1,0,1496,725115
zh,ao,creaky,3,female,G3,p<f,-6,0,1237,725115
b,ao,modal,-2,male,G1,p<f,-1,0,1397,725115
b,ao,modal,-5,male,G1,p<f,-4,0,1120,725115
b,ao,modal,1,male,G2,p>f,2,1,1386,725115
b,ao,modal,5,male,G2,p>f,6,1,1293,725115
d,ao,modal,-4,male,G1,p<f,-3,0,1219,725115
d,ao,modal,0,male,G2,p>f,1,0,1658,725115
d,ao,creaky,-6,male,G3,p<f,-5,0,1168,725115
d,ao,creaky,0,male,G4,p>f,1,0,1398,725115
f,a,modal,3,male,G2,p>f,4,1,1649,725115
f,a,modal,4,male,G2,p>f,5,1,1505,725115
f,a,creaky,-2,male,G3,p<f,-1,0,1212,725115
f,a,creaky,2,male,G4,p>f,3,1,1325,725115
sh,a,modal,-3,male,G1,p<f,-2,0,1157,725115
sh,a,modal,-7,male,G1,p<f,-6,0,1438,725115
sh,a,creaky,1,male,G4,p>f,2,1,2262,725115
sh,a,creaky,4,male,G4,p>f,5,1,1648,725115
z,ao,modal,2,male,G2,p>f,3,1,1202,725115
z,ao,creaky,-3,male,G3,p<f,-2,0,1579,725115
z,ao,creaky,-5,male,G3,p<f,-4,0,1252,725115
z,ao,creaky,5,male,G4,p>f,6,1,1428,725115
zh,ao,modal,-6,male,G1,p<f,-5,0,1236,725115
zh,ao,creaky,-4,male,G3,p<f,-3,0,1162,725115
zh,ao,creaky,-7,male,G3,p<f,-6,0,1524,725115
zh,ao,creaky,3,male,G4,p>f,4,1,1917,725115
b,ao,modal,12,female,G2,p>f,3,1,1832,725115
b,ao,creaky,10,female,G4,p>f,1,0,1561,725115
b,ao,creaky,13,female,G4,p>f,4,1,2261,725115
b,ao,creaky,6,female,G3,p<f,-3,0,1142,725115
d,ao,modal,14,female,G2,p>f,5,1,1586,725115
d,ao,modal,8,female,G1,p<f,-1,0,1667,725115
d,ao,creaky,11,female,G4,p>f,2,0,978,725115
d,ao,creaky,14,female,G4,p>f,5,1,2471,725115
f,a,modal,15,female,G2,p>f,6,1,1089,725115
f,a,modal,7,female,G1,p<f,-2,1,1248,725115
f,a,creaky,12,female,G4,p>f,3,0,1479,725115
f,a,creaky,5,female,G3,p<f,-4,0,1477,725115
sh,a,modal,11,female,G2,p>f,2,1,1813,725115
sh,a,modal,4,female,G1,p<f,-5,0,1536,725115
sh,a,creaky,3,female,G3,p<f,-6,0,1890,725115
sh,a,creaky,7,female,G3,p<f,-2,0,2160,725115
z,ao,modal,13,female,G2,p>f,4,1,1414,725115
z,ao,modal,5,female,G1,p<f,-4,0,1702,725115
z,ao,creaky,15,female,G4,p>f,6,1,1758,725115
z,ao,creaky,8,female,G3,p<f,-1,0,1474,725115
zh,ao,modal,10,female,G2,p>f,1,0,1836,725115
zh,ao,modal,3,female,G1,p<f,-6,0,1596,725115
zh,ao,modal,6,female,G1,p<f,-3,0,1437,725115
zh,ao,creaky,4,female,G3,p<f,-5,0,861,725115
b,ao,modal,4,male,G2,p>f,5,1,1043,725115
b,ao,creaky,-3,male,G3,p<f,-2,0,1116,725115
b,ao,creaky,1,male,G4,p>f,2,0,1433,725115
b,ao,creaky,5,male,G4,p>f,6,1,1186,725115
d,ao,modal,-3,male,G1,p<f,-2,0,1548,725115
d,ao,modal,-6,male,G1,p<f,-5,0,1526,725115
d,ao,modal,-7,male,G1,p<f,-6,0,1107,725115
d,ao,creaky,2,male,G4,p>f,3,0,1720,725115
f,a,modal,-2,male,G1,p<f,-1,0,1543,725115
f,a,modal,5,male,G2,p>f,6,1,1181,725115
f,a,creaky,-6,male,G3,p<f,-5,0,1643,725115
f,a,creaky,3,male,G4,p>f,4,1,1323,725115
sh,a,modal,-5,male,G1,p<f,-4,0,1196,725115
sh,a,modal,3,male,G2,p>f,4,1,1150,725115
sh,a,creaky,-4,male,G3,p<f,-3,0,1259,725115
sh,a,creaky,0,male,G4,p>f,1,0,1315,725115
z,ao,modal,0,male,G2,p>f,1,0,1186,725115
z,ao,modal,1,male,G2,p>f,2,1,1393,725115
z,ao,creaky,-2,male,G3,p<f,-1,0,1406,725115
z,ao,creaky,-7,male,G3,p<f,-6,0,1389,725115
zh,ao,modal,-4,male,G1,p<f,-3,0,1126,725115
zh,ao,modal,2,male,G2,p>f,3,1,1635,725115
zh,ao,creaky,-5,male,G3,p<f,-4,0,1354,725115
zh,ao,creaky,4,male,G4,p>f,5,1,1353,725115
b,ao,modal,11,female,G2,p>f,2,0,1534,725115
b,ao,modal,13,female,G2,p>f,4,1,955,725115
b,ao,modal,8,female,G1,p<f,-1,0,1186,725115
b,ao,creaky,7,female,G3,p<f,-2,0,1214,725115
d,ao,modal,4,female,G1,p<f,-5,0,2772,725115
d,ao,creaky,10,female,G4,p>f,1,0,1196,725115
d,ao,creaky,5,female,G3,p<f,-4,0,1116,725115
d,ao,creaky,6,female,G3,p<f,-3,0,1433,725115
f,a,modal,12,female,G2,p>f,3,0,1962,725115
f,a,modal,6,female,G1,p<f,-3,0,1565,725115
f,a,creaky,11,female,G4,p>f,2,1,1538,725115
f,a,creaky,3,female,G3,p<f,-6,0,1437,725115
sh,a,modal,10,female,G2,p>f,1,0,2490,725115
sh,a,modal,15,female,G2,p>f,6,1,1772,725115
sh,a,creaky,12,female,G4,p>f,3,1,1622,725115
sh,a,creaky,13,female,G4,p>f,4,1,1804,725115
z,ao,modal,14,female,G2,p>f,5,1,1180,725115
z,ao,modal,3,female,G1,p<f,-6,0,1647,725115
z,ao,creaky,14,female,G4,p>f,5,1,1567,725115
z,ao,creaky,4,female,G3,p<f,-5,0,1586,725115
zh,ao,modal,5,female,G1,p<f,-4,0,1339,725115
zh,ao,modal,7,female,G1,p<f,-2,0,1689,725115
zh,ao,creaky,15,female,G4,p>f,6,1,1171,725115
zh,ao,creaky,8,female,G3,p<f,-1,0,1378,725115
b,ao,modal,-3,male,G1,p<f,-2,0,1138,725115
b,ao,creaky,-2,male,G3,p<f,-1,0,1211,725115
b,ao,creaky,-4,male,G3,p<f,-3,0,1064,725115
b,ao,creaky,3,male,G4,p>f,4,1,1139,725115
d,ao,modal,1,male,G2,p>f,2,1,1692,725115
d,ao,modal,2,male,G2,p>f,3,1,1011,725115
d,ao,modal,5,male,G2,p>f,6,1,1142,725115
d,ao,creaky,-7,male,G3,p<f,-6,0,982,725115
f,a,modal,-4,male,G1,p<f,-3,0,1154,725115
f,a,creaky,-3,male,G3,p<f,-2,0,1575,725115
f,a,creaky,4,male,G4,p>f,5,1,1649,725115
f,a,creaky,5,male,G4,p>f,6,1,1557,725115
sh,a,modal,-2,male,G1,p<f,-1,0,1260,725115
sh,a,modal,-6,male,G1,p<f,-5,0,1628,725115
sh,a,modal,4,male,G2,p>f,5,1,1040,725115
sh,a,creaky,-5,male,G3,p<f,-4,0,1925,725115
z,ao,modal,-5,male,G1,p<f,-4,0,1760,725115
z,ao,modal,-7,male,G1,p<f,-6,0,1486,725115
z,ao,creaky,-6,male,G3,p<f,-5,0,1531,725115
z,ao,creaky,2,male,G4,p>f,3,1,2011,725115
zh,ao,modal,0,male,G2,p>f,1,0,1440,725115
zh,ao,modal,3,male,G2,p>f,4,1,1239,725115
zh,ao,creaky,0,male,G4,p>f,1,0,1386,725115
zh,ao,creaky,1,male,G4,p>f,2,0,1650,725115
b,ao,modal,15,female,G2,p>f,6,1,2419,725115
b,ao,modal,3,female,G1,p<f,-6,0,2006,725115
b,ao,creaky,12,female,G4,p>f,3,0,1943,725115
b,ao,creaky,5,female,G3,p<f,-4,0,1117,725115
d,ao,modal,13,female,G2,p>f,4,1,1481,725115
d,ao,modal,6,female,G1,p<f,-3,0,1547,725115
d,ao,creaky,15,female,G4,p>f,6,1,1341,725115
d,ao,creaky,7,female,G3,p<f,-2,0,1461,725115
f,a,modal,10,female,G2,p>f,1,0,1688,725115
f,a,modal,14,female,G2,p>f,5,1,1085,725115
f,a,creaky,10,female,G4,p>f,1,0,1317,725115
f,a,creaky,6,female,G3,p<f,-3,0,1490,725115
sh,a,modal,12,female,G2,p>f,3,0,3011,725115
sh,a,modal,5,female,G1,p<f,-4,0,1951,725115
sh,a,creaky,4,female,G3,p<f,-5,0,1524,725115
sh,a,creaky,8,female,G3,p<f,-1,0,1227,725115
z,ao,modal,11,female,G2,p>f,2,0,2337,725115
z,ao,modal,7,female,G1,p<f,-2,0,1859,725115
z,ao,modal,8,female,G1,p<f,-1,0,1780,725115
z,ao,creaky,3,female,G3,p<f,-6,0,1554,725115
zh,ao,modal,4,female,G1,p<f,-5,0,1836,725115
zh,ao,creaky,11,female,G4,p>f,2,0,1365,725115
zh,ao,creaky,13,female,G4,p>f,4,1,1457,725115
zh,ao,creaky,14,female,G4,p>f,5,1,1031,725115
b,ao,modal,-4,male,G1,p<f,-3,0,1996,725115
b,ao,modal,-6,male,G1,p<f,-5,0,1968,725115
b,ao,modal,-7,male,G1,p<f,-6,0,1676,725115
b,ao,creaky,0,male,G4,p>f,1,0,1234,725115
d,ao,modal,3,male,G2,p>f,4,1,1272,725115
d,ao,modal,4,male,G2,p>f,5,1,940,725115
d,ao,creaky,-3,male,G3,p<f,-2,0,1650,725115
d,ao,creaky,4,male,G4,p>f,5,1,1552,725115
f,a,modal,-5,male,G1,p<f,-4,0,1404,725115
f,a,modal,0,male,G2,p>f,1,0,2536,725115
f,a,modal,2,male,G2,p>f,3,1,1338,725115
f,a,creaky,-5,male,G3,p<f,-4,0,1062,725115
sh,a,creaky,-6,male,G3,p<f,-5,0,1071,725115
sh,a,creaky,-7,male,G3,p<f,-6,0,1300,725115
sh,a,creaky,2,male,G4,p>f,3,1,1561,725115
sh,a,creaky,5,male,G4,p>f,6,1,1584,725115
z,ao,modal,-2,male,G1,p<f,-1,0,1105,725115
z,ao,creaky,-4,male,G3,p<f,-3,0,1349,725115
z,ao,creaky,1,male,G4,p>f,2,0,1747,725115
z,ao,creaky,3,male,G4,p>f,4,1,2084,725115
zh,ao,modal,-3,male,G1,p<f,-2,0,1427,725115
zh,ao,modal,1,male,G2,p>f,2,0,1393,725115
zh,ao,modal,5,male,G2,p>f,6,1,1535,725115
zh,ao,creaky,-2,male,G3,p<f,-1,0,1171,725115
b,ao,modal,10,female,G2,p>f,1,0,1124,725115
b,ao,modal,14,female,G2,p>f,5,1,1155,725115
b,ao,modal,5,female,G1,p<f,-4,0,3022,725115
b,ao,creaky,15,female,G4,p>f,6,1,1096,725115
d,ao,modal,3,female,G1,p<f,-6,0,1518,725115
d,ao,modal,7,female,G1,p<f,-2,0,1354,725115
d,ao,creaky,3,female,G3,p<f,-6,0,1136,725115
d,ao,creaky,8,female,G3,p<f,-1,0,1112,725115
f,a,modal,11,female,G2,p>f,2,0,1802,725115
f,a,creaky,14,female,G4,p>f,5,1,1142,725115
f,a,creaky,4,female,G3,p<f,-5,0,2012,725115
f,a,creaky,7,female,G3,p<f,-2,0,1297,725115
sh,a,modal,6,female,G1,p<f,-3,0,3321,725115
sh,a,modal,8,female,G1,p<f,-1,0,1556,725115
sh,a,creaky,10,female,G4,p>f,1,0,2593,725115
sh,a,creaky,11,female,G4,p>f,2,0,1970,725115
z,ao,modal,12,female,G2,p>f,3,1,1350,725115
z,ao,modal,15,female,G2,p>f,6,1,2021,725115
z,ao,modal,4,female,G1,p<f,-5,0,2325,725115
z,ao,creaky,13,female,G4,p>f,4,1,1352,725115
zh,ao,modal,13,female,G2,p>f,4,1,1770,725115
zh,ao,creaky,12,female,G4,p>f,3,1,1420,725115
zh,ao,creaky,5,female,G3,p<f,-4,0,1144,725115
zh,ao,creaky,6,female,G3,p<f,-3,0,1272,725115
b,ao,modal,0,male,G2,p>f,1,0,1683,725115
b,ao,creaky,-5,male,G3,p<f,-4,0,1196,725115
b,ao,creaky,-6,male,G3,p<f,-5,0,990,725115
b,ao,creaky,4,male,G4,p>f,5,1,1741,725115
d,ao,modal,-2,male,G1,p<f,-1,0,1440,725115
d,ao,creaky,-2,male,G3,p<f,-1,0,1249,725115
d,ao,creaky,-4,male,G3,p<f,-3,0,1493,725115
d,ao,creaky,5,male,G4,p>f,6,1,1540,725115
f,a,modal,-6,male,G1,p<f,-5,0,1502,725115
f,a,creaky,-7,male,G3,p<f,-6,0,1187,725115
f,a,creaky,0,male,G4,p>f,1,1,1893,725115
f,a,creaky,1,male,G4,p>f,2,1,1823,725115
sh,a,modal,1,male,G2,p>f,2,1,2664,725115
sh,a,modal,2,male,G2,p>f,3,1,1381,725115
sh,a,modal,5,male,G2,p>f,6,1,1219,725115
sh,a,creaky,3,male,G4,p>f,4,1,1428,725115
z,ao,modal,-3,male,G1,p<f,-2,0,1696,725115
z,ao,modal,-4,male,G1,p<f,-3,0,1349,725115
z,ao,modal,3,male,G2,p>f,4,1,1480,725115
z,ao,modal,4,male,G2,p>f,5,1,2009,725115
zh,ao,modal,-5,male,G1,p<f,-4,0,1324,725115
zh,ao,modal,-7,male,G1,p<f,-6,0,1052,725115
zh,ao,creaky,-3,male,G3,p<f,-2,0,1562,725115
zh,ao,creaky,2,male,G4,p>f,3,1,2355,725115
b,ao,modal,4,female,G1,p<f,-5,0,2538,725115
b,ao,modal,6,female,G1,p<f,-3,0,2099,725115
b,ao,creaky,11,female,G4,p>f,2,0,1616,725115
b,ao,creaky,3,female,G3,p<f,-6,0,1547,725115
d,ao,modal,10,female,G2,p>f,1,0,1241,725115
d,ao,modal,12,female,G2,p>f,3,1,2155,725115
d,ao,creaky,13,female,G4,p>f,4,1,1441,725115
d,ao,creaky,4,female,G3,p<f,-5,0,1000,725115
f,a,modal,3,female,G1,p<f,-6,0,1478,725115
f,a,modal,5,female,G1,p<f,-4,0,1780,725115
f,a,modal,8,female,G1,p<f,-1,0,1325,725115
f,a,creaky,8,female,G3,p<f,-1,0,1177,725115
sh,a,modal,13,female,G2,p>f,4,1,1154,725115
sh,a,modal,7,female,G1,p<f,-2,0,1174,725115
sh,a,creaky,14,female,G4,p>f,5,1,1051,725115
sh,a,creaky,15,female,G4,p>f,6,1,1007,725115
z,ao,creaky,10,female,G4,p>f,1,0,1555,725115
z,ao,creaky,12,female,G4,p>f,3,1,1861,725115
z,ao,creaky,5,female,G3,p<f,-4,0,1623,725115
z,ao,creaky,6,female,G3,p<f,-3,0,1551,725115
zh,ao,modal,11,female,G2,p>f,2,0,2556,725115
zh,ao,modal,14,female,G2,p>f,5,1,1288,725115
zh,ao,modal,15,female,G2,p>f,6,1,1679,725115
zh,ao,creaky,7,female,G3,p<f,-2,0,2524,725115
b,ao,modal,2,male,G2,p>f,3,1,1067,725115
b,ao,modal,3,male,G2,p>f,4,1,1211,725115
b,ao,creaky,-7,male,G3,p<f,-6,0,1091,725115
b,ao,creaky,2,male,G4,p>f,3,1,1705,725115
d,ao,modal,-5,male,G1,p<f,-4,0,1118,725115
d,ao,creaky,-5,male,G3,p<f,-4,0,1419,725115
d,ao,creaky,1,male,G4,p>f,2,1,1260,725115
d,ao,creaky,3,male,G4,p>f,4,1,1134,725115
f,a,modal,-3,male,G1,p<f,-2,0,1761,725115
f,a,modal,-7,male,G1,p<f,-6,0,1379,725115
f,a,modal,1,male,G2,p>f,2,1,1621,725115
f,a,creaky,-4,male,G3,p<f,-3,0,1450,725115
sh,a,modal,-4,male,G1,p<f,-3,0,1343,725115
sh,a,modal,0,male,G2,p>f,1,0,1898,725115
sh,a,creaky,-2,male,G3,p<f,-1,0,1237,725115
sh,a,creaky,-3,male,G3,p<f,-2,0,2762,725115
z,ao,modal,-6,male,G1,p<f,-5,0,1394,725115
z,ao,modal,5,male,G2,p>f,6,1,1479,725115
z,ao,creaky,0,male,G4,p>f,1,0,1526,725115
z,ao,creaky,4,male,G4,p>f,5,1,1932,725115
zh,ao,modal,-2,male,G1,p<f,-1,0,1477,725115
zh,ao,modal,4,male,G2,p>f,5,1,1085,725115
zh,ao,creaky,-6,male,G3,p<f,-5,0,1164,725115
zh,ao,creaky,5,male,G4,p>f,6,1,1414,
